Location,Name,Frequency,Duplex,Offset,Tone,rToneFreq,cToneFreq,DtcsCode,DtcsPolarity,RxDtcsCode,CrossMode,Mode,TStep,Skip,Power,Comment,URCALL,RPT1CALL,RPT2CALL,DVCODE
0,Mt Terrible,147.675000,,0.000000,Tone,141.3,88.5,023,NN,023,Tone->Tone,FM,5.00,,50W,"VK5RSC near Sellicks Hill, South Australia OPEN",,,,
1,Ocean View,145.625000,,0.000000,,88.5,88.5,023,NN,023,Tone->Tone,FM,5.00,,50W,"VK4RKC near Brisbane North, Queensland OPEN",,,,
2,Mt Yogi,146.625000,-,0.600000,Tone,91.5,88.5,023,NN,023,Tone->Tone,FM,5.00,,50W,"VK4RCC near Caboolture, Queensland OPEN",,,,
3,Mt. Maurice,146.625000,-,0.600000,Tone,91.5,88.5,023,NN,023,Tone->Tone,FM,5.00,,50W,"VK4RGT near Gladstone, Queensland OPEN",,,,
4,Wanneroo,146.625000,-,0.600000,,88.5,88.5,023,NN,023,Tone->Tone,FM,5.00,,50W,"VK6RNC near Perth, Western Australia OPEN",,,,
5,Somersby,146.637500,-,0.600000,,88.5,88.5,023,NN,023,Tone->Tone,DV,12.50,,50W,"VK2RAG near Gosford, New South Wales OPEN Module B static TG - REF023 C Module C static TG - REF001 C https://vk2rag.dstargateway.org/",,,,
6,Toormina,146.650000,-,0.600000,TSQL,88.5,123.0,023,NN,023,Tone->Tone,FM,5.00,,50W,"VK2RDO near Coffs Harbour, None",,,,
7,Mt Bindo,146.650000,-,0.600000,Tone,91.5,88.5,023,NN,023,Tone->Tone,FM,5.00,,50W,"VK2RDX near Oberon, New South Wales OPEN",,,,
8,Terry Hie Hie,146.650000,-,0.600000,,88.5,88.5,023,NN,023,Tone->Tone,FM,5.00,,50W,"VK2RMI near The Tops, New South Wales OPEN",,,,
9,Green Hill,146.650000,-,0.600000,Tone,91.5,88.5,023,NN,023,Tone->Tone,FM,5.00,,50W,"VK3RBT near Ballarat, Victoria OPEN",,,,
10,Mt Cann,146.650000,-,0.600000,,88.5,88.5,023,NN,023,Tone->Tone,FM,5.00,,50W,"VK3REG near Cann River, Victoria OPEN",,,,
11,Mt Wombat,146.650000,-,0.600000,Tone,123.0,88.5,023,NN,023,Tone->Tone,FM,5.00,,50W,"VK3RGV near Euroa, Victoria OPEN",,,,
12,Booral,146.650000,-,0.600000,,88.5,88.5,023,NN,023,Tone->Tone,FM,5.00,,50W,"VK4RHB near Hervey Bay, Queensland OPEN",,,,
13,Campbells Park,146.650000,-,0.600000,,88.5,88.5,023,NN,023,Tone->Tone,FM,5.00,,50W,"VK4ROM near Roma, Queensland OPEN",,,,
14,VK5RNC,146.650000,-,0.600000,,88.5,88.5,023,NN,023,Tone->Tone,FM,5.00,,50W,"VK5RNC near Naracoorte, South Australia OPEN",,,,
15,Harvey,146.650000,-,0.600000,,88.5,88.5,023,NN,023,Tone->Tone,FM,5.00,,50W,"VK6RBY near Bunbury, Western Australia OPEN",,,,
16,Mt Faulkner,146.650000,-,0.600000,Tone,123.0,88.5,023,NN,023,Tone->Tone,FM,5.00,,50W,"VK7RAF near Granton, Tasmania OPEN 123 local 141.3 to link to VK7RAB.",,,,
17,McCraes Knob,146.675000,-,0.600000,Tone,123.0,88.5,023,NN,023,Tone->Tone,FM,5.00,,50W,"VK2RCV near Grafton, New South Wales OPEN Monthly Meetings 2nd Sat of Month from 11:30am at Braunstone 10mins Sth of Grafton. All Welcome",,,,
18,Stringybark Hill,146.675000,-,0.600000,,88.5,88.5,023,NN,023,Tone->Tone,FM,5.00,,50W,"VK2RLH near Newbridge, New South Wales OPEN",,,,
19,Ballendella,146.675000,-,0.600000,Tone,91.5,88.5,023,NN,023,Tone->Tone,FM,5.00,,50W,"VK3RCA near Rochester, None",,,,
20,Arthur's Seat,146.675000,-,0.600000,Tone,88.5,88.5,023,NN,023,Tone->Tone,FM,5.00,,50W,"VK3RSP near Rosebud, Victoria OPEN",,,,
21,Mt Kiangarow,146.675000,-,0.600000,Tone,91.5,88.5,023,NN,023,Tone->Tone,FM,5.00,,50W,"VK4RET near Bunya Mountains, Queensland OPEN BAD-WAN Linked Repeater",,,,
22,"Jordan Creek, Sarina Range",146.675000,-,0.600000,TSQL,88.5,91.5,023,NN,023,Tone->Tone,FM,5.00,,50W,"VK4RSA near Sarina, None OPEN Dual Mode Repeater. P25 &amp; Analog.",,,,
23,Willunga Hill,146.675000,-,0.600000,TSQL,88.5,91.5,023,NN,023,Tone->Tone,FM,5.00,,50W,"VK5RSV near Willunga, None OPEN",,,,
24,VK6RNR,146.675000,-,0.600000,,88.5,88.5,023,NN,023,Tone->Tone,FM,5.00,,50W,"VK6RNR near Northampton, Western Australia OPEN",,,,
25,VK2RMU,146.700000,-,0.600000,Tone,123.0,88.5,023,NN,023,Tone->Tone,FM,5.00,,50W,"VK2RMU near Nowra Hill, New South Wales OPEN",,,,
26,Middle Brother,146.700000,-,0.600000,Tone,91.5,88.5,023,NN,023,Tone->Tone,FM,5.00,,50W,"VK2RPM near Kew, New South Wales OPEN",,,,
27,Ferny Creek,146.700000,-,0.600000,Tone,91.5,88.5,023,NN,023,Tone->Tone,FM,5.00,,50W,"VK3RML near Ferntree Gully, Victoria OPEN",,,,
28,Mt Archer,146.700000,-,0.600000,Tone,91.5,88.5,023,NN,023,Tone->Tone,FM,5.00,,50W,"VK4RAR near Rockhampton, Queensland OPEN",,,,
29,Mt Stuart,146.700000,-,0.600000,,88.5,88.5,023,NN,023,Tone->Tone,FM,5.00,,50W,"VK4RAT near Townsville, Queensland OPEN",,,,
30,Four Mile Hill,146.700000,-,0.600000,Tone,91.5,88.5,023,NN,023,Tone->Tone,FM,5.00,,50W,"VK4RMI near Mount Isa, Queensland OPEN",,,,
31,The Bluff,146.700000,-,0.600000,,88.5,88.5,023,NN,023,Tone->Tone,FM,5.00,,50W,"VK5RMN near Port Pirie, South Australia OPEN",,,,
32,Roleystone,146.700000,-,0.600000,,88.5,88.5,023,NN,023,Tone->Tone,FM,5.00,,50W,"VK6RAP near Perth, Western Australia OPEN",,,,
33,Queens Domain,146.700000,-,0.600000,TSQL,88.5,141.3,023,NN,023,Tone->Tone,FM,5.00,,50W,"VK7RHT near Hobart, Tasmania OPEN",,,,
34,Isaacs Ridge,147.350000,-,1.600000,TSQL,88.5,91.5,023,NN,023,Tone->Tone,FM,5.00,,50W,"VK1RBM near Canberra, None OPEN",,,,
35,South Hill,146.725000,-,0.600000,Cross,88.5,123.0,023,NN,023,->Tone,FM,5.00,,50W,"VK2RAD near Armidale, New South Wales OPEN",,,,
36,Somersby,146.725000,-,0.600000,Tone,91.5,88.5,023,NN,023,Tone->Tone,FM,5.00,,50W,"VK2RAG near Gosford, New South Wales OPEN Thursday evening net is connected via the *CCARCNSW* Echolink conference server #926060.",,,,
37,Burroway Hill,146.725000,-,0.600000,,88.5,88.5,023,NN,023,Tone->Tone,FM,5.00,,50W,"VK2RCD near Dubbo, New South Wales OPEN",,,,
38,Briarty Hill,146.725000,-,0.600000,TSQL,88.5,123.0,023,NN,023,Tone->Tone,FM,5.00,,50W,"VK3RYV near Lilydale, Victoria OPEN",,,,
39,Mt Boulder,146.725000,-,0.600000,Tone,91.5,88.5,023,NN,023,Tone->Tone,FM,5.00,,50W,"VK4RCM near Gympie, Queensland OPEN",,,,
40,Mt Crosby,146.725000,-,0.600000,,88.5,88.5,023,NN,023,Tone->Tone,FM,5.00,,50W,"VK4RKP near Brisbane West, Queensland OPEN",,,,
41,Wilkes Knob,146.737500,-,0.600000,,88.5,88.5,023,NN,023,Tone->Tone,DV,12.50,,50W,"VK4RDS near Caloundra, Queensland OPEN",,,,
42,Francis Lookout,146.750000,-,0.600000,TSQL,88.5,123.0,023,NN,023,Tone->Tone,FM,5.00,,50W,"VK2RCB near Dorrigo, None",,,,
43,Wheel of Fortune Trig,146.750000,-,0.600000,Tone,91.5,88.5,023,NN,023,Tone->Tone,FM,5.00,,50W,"VK2RWG near Wagga Wagga, New South Wales OPEN",,,,
44,Mt Buninyong,146.750000,-,0.600000,Tone,91.5,88.5,023,NN,023,Tone->Tone,FM,5.00,,50W,"VK3RBA near Ballarat, Victoria OPEN",,,,
45,O'Rourkes House,146.750000,-,0.600000,,88.5,88.5,023,NN,023,Tone->Tone,FM,5.00,,50W,"VK4RDD near Toowoomba, Queensland OPEN",,,,
46,Pillaworta Hill,146.750000,-,0.600000,,88.5,88.5,023,NN,023,Tone->Tone,FM,5.00,,50W,"VK5RAC near Port Lincoln, South Australia OPEN",,,,
47,Narre Warren,146.762500,-,0.600000,,88.5,88.5,023,NN,023,Tone->Tone,DV,12.50,,50W,"VK3RMC near Dandenong Sth, Victoria OPEN",,,,
48,Mt Bethungra,146.775000,-,0.600000,Tone,91.5,88.5,023,NN,023,Tone->Tone,FM,5.00,,50W,"VK2RBE near Bethurga, New South Wales OPEN",,,,
49,Mt Sugarloaf,146.775000,-,0.600000,TSQL,88.5,91.5,023,NN,023,Tone->Tone,FM,5.00,,50W,"VK2RTZ near West Wallsend, New South Wales OPEN Gencom Site 1",,,,
50,Rennies Hill,146.775000,-,0.600000,Tone,123.0,88.5,023,NN,023,Tone->Tone,DMR,5.00,,50W,"VK3RAG near Alexandra, Victoria OPEN",,,,
51,Blue Mtn,146.775000,-,0.600000,TSQL,88.5,91.5,023,NN,023,Tone->Tone,FM,5.00,,50W,"VK4RBM near Mackay, None OPEN",,,,
52,VK5RAH,146.775000,-,0.600000,Tone,91.5,88.5,023,NN,023,Tone->Tone,FM,5.00,,50W,"VK5RAH near Lobethal, South Australia OPEN",,,,
53,Stowport,146.775000,-,0.600000,Tone,91.5,88.5,023,NN,023,Tone->Tone,FM,5.00,,50W,"VK7RTV near Stowport, Tasmania OPEN",,,,
54,The Knobby,146.787500,-,0.600000,,88.5,88.5,023,NN,023,Tone->Tone,DV,12.50,,50W,"VK4RBX near Ipswich, Queensland OPEN",,,,
55,Needle Mountain,146.800000,-,0.600000,Tone,91.5,88.5,023,NN,023,Tone->Tone,FM,5.00,,50W,"VK2RCC near Coonabarabran, New South Wales OPEN",,,,
56,Engadine,146.800000,-,0.600000,,88.5,88.5,023,NN,023,Tone->Tone,FM,5.00,,50W,"VK2RLE near Loftus, New South Wales OPEN",,,,
57,Parrots Nest,146.800000,-,0.600000,Tone,123.0,88.5,023,NN,023,Tone->Tone,FM,5.00,,50W,"VK2RSC near Lismore, New South Wales OPEN",,,,
58,Tumorrama Mtn,146.800000,-,0.600000,Tone,91.5,88.5,023,NN,023,Tone->Tone,FM,5.00,,50W,"VK2RTD near Tumut, New South Wales OPEN",,,,
59,Mt Tassie,146.800000,-,0.600000,,88.5,88.5,023,NN,023,Tone->Tone,FM,5.00,,50W,"VK3RLV near Callignee, Victoria OPEN",,,,
60,Mildura City,146.800000,-,0.600000,,88.5,88.5,023,NN,023,Tone->Tone,FM,5.00,,50W,"VK3RMA near Sunraysia, Victoria OPEN",,,,
61,Mt Goonaneman,146.800000,-,0.600000,,88.5,88.5,023,NN,023,Tone->Tone,FM,5.00,,50W,"VK4RBU near Hervey Bay, Queensland OPEN",,,,
62,VK5REP,146.800000,-,0.600000,,88.5,88.5,023,NN,023,Tone->Tone,FM,5.00,,50W,"VK5REP near Coolanie, South Australia OPEN",,,,
63,Mt Graham,146.800000,-,0.600000,,88.5,88.5,023,NN,023,Tone->Tone,FM,5.00,,50W,"VK5RSE near Millicent, South Australia OPEN",,,,
64,Tic Hill,146.800000,-,0.600000,,88.5,88.5,023,NN,023,Tone->Tone,FM,5.00,,50W,"VK6RTH near Herne Hill, Western Australia OPEN APRS digipeater on site",,,,
65,Marrara,146.800000,-,0.600000,Tone,123.0,88.5,023,NN,023,Tone->Tone,FM,5.00,,50W,"VK8RWI near Darwin, Northern Territory OPEN WICEN",,,,
66,VK2RHR,146.825000,-,0.600000,Tone,91.5,88.5,023,NN,023,Tone->Tone,FM,5.00,,50W,"VK2RHR near Mittagong, New South Wales OPEN",,,,
67,Point Danger,146.825000,-,0.600000,Tone,91.5,88.5,023,NN,023,Tone->Tone,FM,5.00,,50W,"VK3RPL near Portland, Victoria OPEN",,,,
68,Braeside,146.825000,-,0.600000,Tone,91.5,88.5,023,NN,023,Tone->Tone,FM,5.00,,50W,"VK4RCR near Warwick, Queensland OPEN",,,,
69,Laguna Lookout,146.825000,-,0.600000,Tone,91.5,88.5,023,NN,023,Tone->Tone,FM,5.00,,50W,"VK4RSL near Noosa Heads, Queensland OPEN",,,,
70,Roddas Lookout,146.825000,-,0.600000,TSQL,88.5,91.5,023,NN,023,Tone->Tone,FM,5.00,,50W,"VK4RSP near Springsure, Queensland OPEN",,,,
71,Mt Kitchener,146.825000,-,0.600000,TSQL,88.5,91.5,023,NN,023,Tone->Tone,FM,5.00,,50W,"VK5RBV near Barossa Valley, None",,,,
72,VK6RWN,146.837500,-,0.600000,,88.5,88.5,023,NN,023,Tone->Tone,DV,12.50,,50W,"VK6RWN near Roleystone, Western Australia OPEN",,,,
73,Mt Square Knob,146.850000,-,0.600000,Tone,91.5,88.5,023,NN,023,Tone->Tone,FM,5.00,,50W,"VK2RGF near Griffith, New South Wales OPEN",,,,
74,Avoca Hill,146.850000,-,0.600000,Tone,91.5,88.5,023,NN,023,Tone->Tone,FM,5.00,,50W,"VK2RMO near Tamworth, New South Wales OPEN",,,,
75,Maddens Plains,146.850000,-,0.600000,Tone,123.0,88.5,023,NN,023,Tone->Tone,FM,5.00,,50W,"VK2RMP near Austinmer, New South Wales OPEN",,,,
76,Mt Major,146.850000,-,0.600000,,88.5,88.5,023,NN,023,Tone->Tone,FM,5.00,,50W,"VK3RDU near Shepparton, Victoria OPEN",,,,
77,Kinglake,146.850000,-,0.600000,Tone,91.5,88.5,023,NN,023,Tone->Tone,FM,5.00,,50W,"VK3RMN near Kinglake Central, Victoria OPEN",,,,
78,Mt Arapiles,146.850000,-,0.600000,Tone,91.5,88.5,023,NN,023,Tone->Tone,FM,5.00,,50W,"VK3RWM near Horsham, Victoria OPEN Linked to VK3RWZ MT WILLIAM 146.950 AND VK3RPR MT ROUSE PENSHURST 147.325",,,,
79,Wilkes Knob,146.850000,-,0.600000,Tone,91.5,88.5,023,NN,023,Tone->Tone,FM,5.00,,50W,"VK4RSC near Caloundra, Queensland OPEN",,,,
80,VK5RHO,146.850000,-,0.600000,,88.5,88.5,023,NN,023,Tone->Tone,FM,5.00,,50W,"VK5RHO near Anstey Hill, South Australia OPEN",,,,
81,VK6REX,146.850000,-,0.600000,,88.5,88.5,023,NN,023,Tone->Tone,FM,5.00,,50W,"VK6REX near Exmouth, Western Australia OPEN",,,,
82,Mt Wellington,146.700000,-,0.600000,Tone,141.3,88.5,023,NN,023,Tone->Tone,FM,5.00,,50W,"VK7RHT near Hobart, Tasmania OPEN https://www.reast.asn.au/",,,,
83,Terrey Hills,146.875000,-,0.600000,,88.5,88.5,023,NN,023,Tone->Tone,FM,5.00,,50W,"VK2RMB near Sydney, New South Wales OPEN",,,,
84,Mt Yarrahapinni,146.875000,-,0.600000,,88.5,88.5,023,NN,023,Tone->Tone,FM,5.00,,50W,"VK2RMY near Macksville, New South Wales OPEN",,,,
85,Mt Beevor,146.875000,-,0.600000,,88.5,88.5,023,NN,023,Tone->Tone,FM,5.00,,50W,"VK5RMB near Woodside, South Australia OPEN",,,,
86,Mt Sugarloaf,146.900000,-,0.600000,Tone,91.5,88.5,023,NN,023,Tone->Tone,FM,5.00,,50W,"VK2RNC near West Wallsend, New South Wales OPEN NBN TV Site",,,,
87,Boona Mountain,146.900000,-,0.600000,,88.5,88.5,023,NN,023,Tone->Tone,FM,5.00,,50W,"VK2RRT near Condobolin, New South Wales OPEN",,,,
88,Mt Nowa Nowa,146.900000,-,0.600000,,88.5,88.5,023,NN,023,Tone->Tone,FM,5.00,,50W,"VK3REB near Victoria East, Victoria OPEN",,,,
89,Swan Hill,146.900000,-,0.600000,Cross,67.0,71.9,023,NN,023,Tone->Tone,FM,5.00,,50W,"VK3RSH near Sunraysia, Victoria OPEN",,,,
90,The Knobby,146.900000,-,0.600000,TSQL,88.5,91.5,023,NN,023,Tone->Tone,FM,5.00,,50W,"VK4RAI near Ipswich, Queensland OPEN",,,,
91,Kroombit Tops,146.900000,-,0.600000,Tone,91.5,88.5,023,NN,023,Tone->Tone,FM,5.00,,50W,"VK4RGA near Biloela, Queensland OPEN",,,,
92,Mt Graham,146.900000,-,0.600000,,88.5,88.5,023,NN,023,Tone->Tone,FM,5.00,,50W,"VK5RMG near Mount Burr, South Australia OPEN",,,,
93,"Mt William, Yarloop",146.900000,-,0.600000,,88.5,88.5,023,NN,023,Tone->Tone,FM,5.00,,50W,"VK6RMW near Mandurah, Western Australia OPEN",,,,
94,Olinda,146.912500,-,0.600000,,88.5,88.5,023,NN,023,Tone->Tone,DV,12.50,,50W,"VK3RWN near Sassafras, Victoria OPEN",,,,
95,CBD,438.025000,-,5.000000,,88.5,88.5,023,NN,023,Tone->Tone,FM,5.00,,50W,"VK2RGR near Griffith, New South Wales OPEN",,,,
96,Hodgson Range,146.925000,-,0.600000,TSQL,88.5,91.5,023,NN,023,Tone->Tone,FM,5.00,,50W,"VK4RHR near Clermont, Queensland OPEN",,,,
97,VK5RLH,146.925000,-,0.600000,TSQL,88.5,91.5,023,NN,023,Tone->Tone,FM,5.00,,50W,"VK5RLH near Bumbunga Hill, South Australia OPEN",,,,
98,Mt Ginini,146.950000,-,0.600000,Tone,91.5,88.5,023,NN,023,Tone->Tone,FM,5.00,,50W,"VK1RGI near Canberra, Australian Capital Territory OPEN",,,,
99,Mt Rumbee,146.950000,-,0.600000,,88.5,88.5,023,NN,023,Tone->Tone,FM,5.00,,50W,"VK2RNE near Glencoe, New South Wales OPEN",,,,
100,Mt William,146.950000,-,0.600000,Tone,91.5,88.5,023,NN,023,Tone->Tone,FM,5.00,,50W,"VK3RWZ near Ararat, Victoria OPEN Linked to VK3RPR MT ROUSE PENSHURST 147.325 AND VK3RWM MT ARAPILES HORSHAM 146.850",,,,
101,Blackdown Tableland,146.950000,-,0.600000,TSQL,88.5,91.5,023,NN,023,Tone->Tone,FM,5.00,,50W,"VK4RBD near Rockhampton, Queensland OPEN",,,,
102,"Wireless Hill, Ardross",146.950000,-,0.600000,,88.5,88.5,023,NN,023,Tone->Tone,FM,5.00,,50W,"VK6RFM near Perth, Western Australia OPEN",,,,
103,West Gap,146.950000,-,0.600000,Tone,91.5,88.5,023,NN,023,Tone->Tone,FM,5.00,,50W,"VK8RCA near Alice Springs, Northern Territory OPEN",,,,
104,Darwins 97 Seven,146.950000,-,0.600000,TSQL,88.5,123.0,023,NN,023,Tone->Tone,FM,5.00,,50W,"VK8RPD near NAKARA, None",,,,
105,Mt Macedon,146.962500,-,0.600000,,88.5,88.5,023,NN,023,Tone->Tone,DV,12.50,,50W,"VK3RMM near Mount Macedon, Victoria OPEN",,,,
106,Mt Sugarloaf,146.975000,-,0.600000,Tone,91.5,88.5,023,NN,023,Tone->Tone,FM,5.00,,50W,"VK2RNC near West Wallsend, None OPEN",,,,
107,Mt Seaview,146.975000,-,0.600000,TSQL,88.5,91.5,023,NN,023,Tone->Tone,FM,5.00,,50W,"VK4RRR near Mackay, Queensland OPEN",,,,
108,Mt Arden,146.975000,-,0.600000,,88.5,88.5,023,NN,023,Tone->Tone,FM,5.00,,50W,"VK5RAE near Quorn, South Australia OPEN",,,,
109,Mt Darling,147.000000,-,0.600000,,88.5,88.5,023,NN,023,Tone->Tone,FM,5.00,,50W,"VK2RBH near Broken Hill, New South Wales OPEN",,,,
110,VK2RCN,147.000000,-,0.600000,,88.5,88.5,023,NN,023,Tone->Tone,FM,5.00,,50W,"VK2RCN near Telegraph Point, New South Wales OPEN",,,,
111,Dural,147.000000,-,0.600000,Cross,88.5,91.5,023,NN,023,->Tone,FM,5.00,,50W,"VK2RWI near Sydney, None",,,,
112,Mt Anakie,147.000000,-,0.600000,Tone,91.5,88.5,023,NN,023,Tone->Tone,FM,5.00,,50W,"VK3RGL near Geelong North, Victoria OPEN Linked to VK3ROW 146.625 AND VK3RWL 147.050 WARRNAMBOO",,,,
113,Mt Big Ben,147.000000,-,0.600000,,88.5,88.5,023,NN,023,Tone->Tone,FM,5.00,,50W,"VK3RNE near Yackandandah, Victoria OPEN",,,,
114,Mt. Glorious,147.000000,-,0.600000,TSQL,88.5,91.5,023,NN,023,Tone->Tone,FM,5.00,,50W,"VK4RBN near Brisbane, Queensland OPEN",,,,
115,Banana Range,147.000000,-,0.600000,,88.5,88.5,023,NN,023,Tone->Tone,FM,5.00,,50W,"VK4RCQ near Biloela, Queensland OPEN",,,,
116,VK5RAD,147.000000,-,0.600000,Tone,91.5,88.5,023,NN,023,Tone->Tone,FM,5.00,,50W,"VK5RAD near Belair, None",,,,
117,Fairfield,147.000000,-,0.600000,,88.5,88.5,023,NN,023,Tone->Tone,FM,5.00,,50W,"VK6RAW near Katanning, Western Australia OPEN",,,,
118,Moresby Ranges,147.000000,-,0.600000,,88.5,88.5,023,NN,023,Tone->Tone,FM,5.00,,50W,"VK6RGN near Geraldton, Western Australia OPEN",,,,
119,Mt Arthur,147.000000,-,0.600000,Cross,88.5,67.0,023,NN,023,->Tone,FM,5.00,,50W,"VK7RAA near Launceston, Tasmania OPEN",,,,
120,Charles Darwin Univerity (CDU) Campus,147.000000,-,0.600000,TSQL,88.5,123.0,023,NN,023,Tone->Tone,FM,5.00,,50W,"VK8RTE near Darwin City centre, None  5 meter colinear antenna (2m) Diamond X500 (2m/70cm) - future",,,,
121,Mt Canobolas,147.025000,+,0.600000,Tone,91.5,88.5,023,NN,023,Tone->Tone,FM,5.00,,50W,"VK2RAO near Orange, New South Wales OPEN",,,,
122,Paddington,147.025000,+,0.600000,TSQL,88.5,91.5,023,NN,023,Tone->Tone,FM,5.00,,50W,"VK2ROT near Sydney, New South Wales OPEN",,,,
123,Mars Hill,147.025000,+,0.600000,,88.5,88.5,023,NN,023,Tone->Tone,FM,5.00,,50W,"VK2RSM near Adaminaby, New South Wales OPEN",,,,
124,Mt Kerang,147.025000,+,0.600000,TSQL,88.5,91.5,023,NN,023,Tone->Tone,FM,5.00,,50W,"VK3RMK near Charlton, Victoria OPEN",,,,
125,Lawson,147.050000,+,0.600000,Tone,123.0,88.5,023,NN,023,Tone->Tone,FM,5.00,,50W,"VK2RBM near Blue Mountains, New South Wales OPEN",,,,
126,Robinvale,147.050000,+,0.600000,,88.5,88.5,023,NN,023,Tone->Tone,FM,5.00,,50W,"VK3RVL near Sunraysia, Victoria OPEN",,,,
127,VK2RCZ,147.075000,+,0.600000,Tone,91.5,88.5,023,NN,023,Tone->Tone,FM,5.00,,50W,"VK2RCZ near Springwood, None OPEN",,,,
128,Moona Trig,147.075000,+,0.600000,,88.5,88.5,023,NN,023,Tone->Tone,FM,5.00,,50W,"VK2RWR near Walcha, New South Wales OPEN",,,,
129,Mt Read,147.075000,+,0.600000,Tone,123.0,88.5,023,NN,023,Tone->Tone,FM,5.00,,50W,"VK7RWC near Rosebery, Tasmania OPEN Permanently linked to VK7RAC 70CM,VK7RAL 70CM,VK7RAA 2M,VK7RTC 70CM Due to the failure of the VK7RAL to VK7RAA link,this repeater currently only connects to VK7RAL cannot connect to statewide link",,,,
130,Ben Nevis,147.100000,+,0.600000,Tone,91.5,88.5,023,NN,023,Tone->Tone,FM,5.00,,50W,"VK3RWA near Ararat, Victoria OPEN",,,,
131,Currajong Hills,147.350000,+,0.600000,,88.5,88.5,023,NN,023,Tone->Tone,FM,5.00,,50W,"VK2RWM near Grenfell, New South Wales OPEN",,,,
132,Mt Porepunkah,147.100000,+,0.600000,Tone,91.5,88.5,023,NN,023,Tone->Tone,FM,5.00,,50W,"VK3RPB near Bright, Victoria OPEN VK3RNC 146.700, VK3RNE 147.000 VK3RPB 147.100 are linked.",,,,
133,Bass Hill,147.100000,+,0.600000,TSQL,88.5,91.5,023,NN,023,Tone->Tone,FM,5.00,,50W,"VK3RSG near Phillip Island, Victoria OPEN",,,,
134,WICEN - Portable,147.125000,+,0.600000,,88.5,88.5,023,NN,023,Tone->Tone,FM,5.00,,50W,"VK1RWP near Canberra, Australian Capital Territory OPEN WICEN - Portable",,,,
135,Scaddens Ridge,147.125000,+,0.600000,,88.5,88.5,023,NN,023,Tone->Tone,FM,5.00,,50W,"VK2RSR near Wyong, New South Wales OPEN WICEN Repeater",,,,
136,Montpellier,147.125000,+,0.600000,Tone,91.5,88.5,023,NN,023,Tone->Tone,FM,5.00,,50W,"VK3RGC near Geelong, Victoria OPEN",,,,
137,WICEN - Portable,147.150000,+,0.600000,,88.5,88.5,023,NN,023,Tone->Tone,FM,5.00,,50W,"VK1RWP near Canberra, Australian Capital Territory OPEN WICEN Portable",,,,
138,Chatswood,147.150000,+,0.600000,Tone,91.5,88.5,023,NN,023,Tone->Tone,FM,5.00,,50W,"VK2RWC near Sydney, New South Wales OPEN WICEN",,,,
139,Mt Alexander,147.150000,+,0.600000,Tone,91.5,88.5,023,NN,023,Tone->Tone,FM,5.00,,50W,"VK3RCV near Castlemaine, Victoria OPEN",,,,
140,Marimingo hill,147.150000,+,0.600000,,88.5,88.5,023,NN,023,Tone->Tone,FM,5.00,,50W,"VK3REM near Mallacoota, Victoria OPEN",,,,
141,Bulls Head,146.900000,-,0.600000,TSQL,88.5,91.5,023,NN,023,Tone->Tone,FM,5.00,,50W,"VK1RAC near Canberra, Australian Capital Territory OPEN",,,,
142,Olinda,147.175000,+,0.600000,TSQL,88.5,91.5,023,NN,023,Tone->Tone,FM,5.00,,50W,"VK3REC near Sassafras, Victoria OPEN",,,,
143,Cabbage Tree Mtn,147.100000,+,0.600000,TSQL,88.5,91.5,023,NN,023,Tone->Tone,FM,5.00,,50W,"VK2RGL near Bulahdelah, New South Wales OPEN",,,,
144,Gwynne Hill,147.200000,+,0.600000,Tone,123.0,88.5,023,NN,023,Tone->Tone,FM,5.00,,50W,"VK2RWB near Yarrawonga, New South Wales OPEN",,,,
145,Mt Cottrell,147.200000,+,0.600000,,88.5,88.5,023,NN,023,Tone->Tone,DN,5.00,,50W,"VK3RPS near Melbourne West, Victoria OPEN",,,,
146,Moonimba,147.250000,+,0.600000,Tone,123.0,88.5,023,NN,023,Tone->Tone,FM,5.00,,50W,"VK2REH near Woodburn, New South Wales OPEN",,,,
147,Storey Park,147.250000,+,0.600000,,88.5,88.5,023,NN,023,Tone->Tone,FM,5.00,,50W,"VK2RNS near Hornsby, New South Wales OPEN",,,,
148,Mt Macedon,147.250000,+,0.600000,,88.5,88.5,023,NN,023,Tone->Tone,FM,5.00,,50W,"VK3RMM near Mount Macedon, Victoria OPEN",,,,
149,Acacia Plateau,147.275000,+,0.600000,,88.5,88.5,023,NN,023,Tone->Tone,FM,5.00,,50W,"VK2RAP near Legume, New South Wales OPEN",,,,
150,Beech Forest,146.625000,-,0.600000,Tone,91.5,88.5,023,NN,023,Tone->Tone,FM,5.00,,50W,"VK3ROW near Apollo Bay, Victoria OPEN",,,,
151,Hoddy Well,147.275000,+,0.600000,,88.5,88.5,023,NN,023,Tone->Tone,FM,5.00,,50W,"VK6RAV near Toodyay, Western Australia OPEN",,,,
152,Lawson,147.325000,+,0.600000,,88.5,88.5,023,NN,023,Tone->Tone,FM,5.00,,50W,"VK2RTS near Blue Mountains, New South Wales OPEN",,,,
153,VK5RLD,147.325000,+,0.600000,TSQL,88.5,91.5,023,NN,023,Tone->Tone,FM,5.00,,50W,"VK5RLD near Kingston, South Australia OPEN",,,,
154,Kellerberrin,147.325000,+,0.600000,,88.5,88.5,023,NN,023,Tone->Tone,FM,5.00,,50W,"VK6RKN near Perth Western Australia, Western Australia OPEN",,,,
155,VK5RBT,147.350000,+,0.600000,,88.5,88.5,023,NN,023,Tone->Tone,FM,5.00,,50W,"VK5RBT near Willalooka, South Australia OPEN",,,,
156,Chapman Hill,147.350000,+,0.600000,,88.5,88.5,023,NN,023,Tone->Tone,FM,5.00,,50W,"VK6RBN near Busselton, Western Australia OPEN",,,,
157,Mount Mackenzie,147.375000,+,0.600000,Tone,123.0,88.5,023,NN,023,Tone->Tone,FM,5.00,,50W,"VK2RMM near Tenterfield, New South Wales OPEN",,,,
158,Mt Roberts,147.375000,+,0.600000,,88.5,88.5,023,NN,023,Tone->Tone,FM,5.00,,50W,"VK2RSE near Cooma, New South Wales OPEN 50w omnidirectional antenna",,,,
159,Mt St Leonard,147.375000,+,0.600000,Tone,91.5,88.5,023,NN,023,Tone->Tone,FM,5.00,,50W,"VK3RMU near Healesville, Victoria OPEN",,,,
160,Mt Benson,147.375000,+,0.600000,,88.5,88.5,023,NN,023,Tone->Tone,FM,5.00,,50W,"VK5RKN near Robe, South Australia OPEN",,,,
161,Logan,147.625000,-,0.600000,,88.5,88.5,023,NN,023,Tone->Tone,FM,5.00,,50W,"VK4RLB near Brisbane South, Queensland OPEN",,,,
162,Mt Perseverance,147.100000,+,0.600000,Tone,91.5,88.5,023,NN,023,Tone->Tone,FM,5.00,,50W,"VK4RZD near Toowoomba, Queensland OPEN",,,,
163,The Hummock,147.800000,-,0.600000,,88.5,88.5,023,NN,023,Tone->Tone,FM,5.00,,50W,"VK4RBG near Bundaberg, Queensland OPEN",,,,
164,Mt Mowbullan,146.950000,-,0.600000,Tone,91.5,88.5,023,NN,023,Tone->Tone,FM,5.00,,50W,"VK4REG near Bunya Mountains, Queensland OPEN",,,,
165,Lenah Valley,146.962500,-,1.600000,,88.5,88.5,023,NN,023,Tone->Tone,DMR,12.50,,50W,"VK7RCR near Hobart, Tasmania OPEN DMR is linked to Brandmeister DSTAR is linked to REF091C C4FM is linked to FCS-50550",,,,
166,Signal Hill,147.925000,-,0.600000,,88.5,88.5,023,NN,023,Tone->Tone,FM,5.00,,50W,"VK2RGN near Goulburn, New South Wales OPEN",,,,
167,Mt Sugarloaf,438.025000,-,5.000000,,88.5,88.5,023,NN,023,Tone->Tone,FM,5.00,,50W,"VK2RNC near West Wallsend, New South Wales OPEN NBN TV Site",,,,
168,Willans Hill,438.025000,-,5.000000,Tone,91.5,88.5,023,NN,023,Tone->Tone,FM,5.00,,50W,"VK2RTW near Wagga Wagga, New South Wales OPEN",,,,
169,Specimen Hill road,438.025000,-,5.000000,,88.5,88.5,023,NN,023,Tone->Tone,FM,5.00,,50W,"VK3RBO near Bendigo, None OPEN",,,,
170,CBD East,438.025000,-,5.000000,TSQL,88.5,91.5,023,NN,023,Tone->Tone,FM,5.00,,50W,"VK3RCC near Melbourne, None",,,,
171,VK5RSA,438.025000,-,7.000000,TSQL,88.5,91.5,023,NN,023,Tone->Tone,FM,5.00,,50W,"VK5RSA near Adelaide CBD, South Australia OPEN",,,,
172,Mt Macedon,438.050000,-,5.400000,,88.5,88.5,023,NN,023,Tone->Tone,DV,5.00,,50W,"VK3RMM near Mount Macedon, Victoria OPEN",,,,
173,Mt Ginini,438.050000,-,7.000000,TSQL,88.5,91.5,023,NN,023,Tone->Tone,FM,5.00,,50W,"VK1RGI near Canberra, None",,,,
174,Mt. Maurice,438.050000,-,5.000000,,88.5,88.5,023,NN,023,Tone->Tone,FM,5.00,,50W,"VK4RGT near Gladstone, Queensland OPEN",,,,
175,Mt Perseverance,438.050000,-,5.000000,Tone,91.5,88.5,023,NN,023,Tone->Tone,FM,5.00,,50W,"VK4RZD near Toowoomba, Queensland OPEN",,,,
176,Ben Lomond,438.050000,-,7.000000,,88.5,88.5,023,NN,023,Tone->Tone,FM,5.00,,50W,"VK7RBL near Launceston, Tasmania OPEN",,,,
177,Somersby,438.075000,-,7.000000,Tone,91.5,88.5,023,NN,023,Tone->Tone,FM,5.00,,50W,"VK2RAG near Gosford, New South Wales OPEN",,,,
178,Mt Yarrahapinni,438.075000,-,5.000000,,88.5,88.5,023,NN,023,Tone->Tone,FM,5.00,,50W,"VK2RMY near Macksville, New South Wales OPEN",,,,
179,Wilkes Knob,438.075000,-,5.000000,Tone,91.5,88.5,023,NN,023,Tone->Tone,FM,5.00,,50W,"VK4RSC near Caloundra, Queensland OPEN",,,,
180,VK4RZA,438.100000,-,7.000000,Tone,91.5,88.5,023,NN,023,Tone->Tone,FM,5.00,,50W,"VK4RZA near Springbrook, Queensland OPEN",,,,
181,Narre Warren,438.125000,-,5.400000,,88.5,88.5,023,NN,023,Tone->Tone,DV,5.00,,50W,"VK3RMC near Dandenong Sth, Victoria OPEN",,,,
182,VK2RMU,438.125000,-,5.000000,Tone,91.5,88.5,023,NN,023,Tone->Tone,FM,5.00,,50W,"VK2RMU near Nowra Hill, New South Wales OPEN",,,,
183,Paps,438.125000,-,5.000000,,88.5,88.5,023,NN,023,Tone->Tone,FM,5.00,,50W,"VK3RLE near Mansfield, Victoria OPEN",,,,
184,Wilkes Knob,438.125000,-,5.000000,Tone,91.5,88.5,023,NN,023,Tone->Tone,FM,5.00,,50W,"VK4RZC near Caloundra, Queensland OPEN",,,,
185,VK6RWN,438.175000,-,5.400000,,88.5,88.5,023,NN,023,Tone->Tone,DV,5.00,,50W,"VK6RWN near Roleystone, Western Australia OPEN",,,,
186,Terrey Hills,438.175000,-,5.000000,Tone,91.5,88.5,023,NN,023,Tone->Tone,FM,5.00,,50W,"VK2RMB near Sydney, New South Wales OPEN",,,,
187,Devil's River,438.175000,-,5.000000,Tone,123.0,88.5,023,NN,023,Tone->Tone,FM,5.00,,50W,"VK3RUG near Eildon, Victoria OPEN Repeater CTCSS 123.0Hz",,,,
188,Mt Wombat,438.200000,-,5.400000,,88.5,88.5,023,NN,023,Tone->Tone,DV,5.00,,50W,"VK3RGV near Euroa, Victoria OPEN",,,,
189,Mt Coot-tha,438.200000,-,7.000000,Tone,91.5,88.5,023,NN,023,Tone->Tone,FM,5.00,,50W,"VK4RZB near Constitution Hill, Queensland OPEN",,,,
190,Winter Hill,438.225000,-,5.400000,,88.5,88.5,023,NN,023,Tone->Tone,DV,5.00,,50W,"VK5REX near Port Lincoln, South Australia OPEN",,,,
191,Maddens Plains,438.725000,-,5.000000,Tone,123.0,88.5,023,NN,023,Tone->Tone,FM,5.00,,50W,"VK2RMP near Austinmer, New South Wales OPEN",,,,
192,Olinda,438.225000,-,5.000000,Tone,91.5,88.5,023,NN,023,Tone->Tone,FM,5.00,,50W,"VK3RMS near Sassafras, Victoria OPEN",,,,
193,Mt Archer,438.225000,-,5.000000,TSQL,88.5,91.5,023,NN,023,Tone->Tone,FM,5.00,,50W,"VK4RAR near Rockhampton, Queensland OPEN",,,,
194,Mt Stuart,438.225000,-,5.000000,Tone,91.5,88.5,023,NN,023,Tone->Tone,FM,5.00,,50W,"VK4RAT near Townsville, Queensland OPEN",,,,
195,Mt Gravatt,438.275000,-,7.000000,Tone,91.5,88.5,023,NN,023,Tone->Tone,FM,5.00,,50W,"VK4RBR near Brisbane, Queensland OPEN cbrsvk4wie@gmail.com",,,,
196,Olinda,438.300000,-,5.400000,,88.5,88.5,023,NN,023,Tone->Tone,DV,5.00,,50W,"VK3RWN near Sassafras, Victoria OPEN",,,,
197,Mt Tamborine,438.312500,-,5.400000,,88.5,88.5,023,NN,023,Tone->Tone,DV,12.50,,50W,"VK4RDK near Tamborine Mountain, Queensland OPEN",,,,
198,Somersby,438.325000,-,5.400000,,88.5,88.5,023,NN,023,Tone->Tone,DV,5.00,,50W,"VK2RAG near Gosford, New South Wales OPEN Module B static TG - REF023 C Module C static TG - REF001 C https://vk2rag.dstargateway.org/",,,,
199,Mt Gray,438.325000,-,5.000000,,88.5,88.5,023,NN,023,Tone->Tone,FM,5.00,,50W,"VK2RGN near Goulburn, New South Wales OPEN",,,,
200,Kangaroo Ground,438.325000,-,5.000000,TSQL,88.5,91.5,023,NN,023,Tone->Tone,FM,5.00,,50W,"VK3RMH near Etham, Victoria OPEN",,,,
201,Wamuran,438.325000,-,5.000000,Tone,91.5,88.5,023,NN,023,Tone->Tone,FM,5.00,,50W,"VK4RRC near Mount Mee, Queensland OPEN",,,,
202,Wongawallan,438.350000,-,5.400000,,88.5,88.5,023,NN,023,Tone->Tone,DV,5.00,,50W,"VK4RDW near Gold Coast, Queensland OPEN",,,,
203,Lawson,438.375000,-,5.000000,TSQL,88.5,91.5,023,NN,023,Tone->Tone,FM,5.00,,50W,"VK2RBM near Blue Mountains, New South Wales OPEN",,,,
204,Mt Carrajung,438.375000,-,5.000000,TSQL,88.5,91.5,023,NN,023,Tone->Tone,FM,5.00,,50W,"VK3RGU near Traralgon, Victoria OPEN",,,,
205,Raymonds Hill,438.375000,-,5.000000,Tone,91.5,88.5,023,NN,023,Tone->Tone,FM,5.00,,50W,"VK4RWM near Ipswich, Queensland OPEN",,,,
206,Range Rd,438.400000,-,5.400000,,88.5,88.5,023,NN,023,Tone->Tone,DV,5.00,,50W,"VK5RWN near Banksia Park, South Australia OPEN",,,,
207,Hillside,438.400000,-,5.000000,Tone,123.0,88.5,023,NN,023,Tone->Tone,FM,5.00,,50W,"VK3RFY near Melbourne North West, Victoria OPEN",,,,
208,VK2RCN,438.425000,-,5.000000,,88.5,88.5,023,NN,023,Tone->Tone,DMR,5.00,,50W,"VK2RCN near Telegraph Point, New South Wales OPEN",,,,
209,Mt Moliagul No1,438.425000,-,5.000000,TSQL,88.5,91.5,023,NN,023,Tone->Tone,FM,5.00,,50W,"VK3RCU near Wedderburn, Victoria OPEN",,,,
210,The Knobby,438.425000,-,5.000000,Tone,123.0,88.5,023,NN,023,Tone->Tone,FM,5.00,,50W,"VK4RAI near Ipswich, Queensland OPEN",,,,
211,Carlingford Court Shopping Centre,438.450000,-,5.000000,TSQL,88.5,91.5,023,NN,023,Tone->Tone,FM,5.00,,50W,"VK2RCF near Carlingford, New South Wales OPEN P25 - NAC 293",,,,
212,Mt Crawney,438.475000,-,7.000000,,88.5,88.5,023,NN,023,Tone->Tone,FM,5.00,,50W,"VK2RAB near Wallabadah, New South Wales OPEN",,,,
213,Mt Hollowback,438.475000,-,7.000000,TSQL,88.5,91.5,023,NN,023,Tone->Tone,FM,5.00,,50W,"VK3RBU near Ballarat, Victoria OPEN",,,,
214,Hodgson Range,438.500000,-,5.000000,,88.5,88.5,023,NN,023,Tone->Tone,FM,5.00,,50W,"VK4RHR near Clermont, Queensland OPEN",,,,
215,O'Briens Mtn,438.500000,-,5.000000,Tone,91.5,88.5,023,NN,023,Tone->Tone,FM,5.00,,50W,"VK4RLW near Ipswich, Queensland OPEN",,,,
216,Barren Tier,438.500000,-,5.000000,,88.5,88.5,023,NN,023,Tone->Tone,FM,5.00,,50W,"VK7RIN near Miena, Tasmania OPEN",,,,
217,Middle Brother,438.525000,-,5.000000,Tone,123.0,88.5,023,NN,023,Tone->Tone,FM,5.00,,50W,"VK2RPM near Kew, New South Wales OPEN",,,,
218,Dural,438.525000,-,5.000000,TSQL,88.5,91.5,023,NN,023,Tone->Tone,FM,5.00,,50W,"VK2RWI near Sydney, None",,,,
219,Mt Stanley,438.525000,-,5.000000,,88.5,88.5,023,NN,023,Tone->Tone,FM,5.00,,50W,"VK3RNU near Stanley, Victoria OPEN",,,,
220,Merbein,438.525000,-,5.000000,TSQL,88.5,91.5,023,NN,023,Tone->Tone,FM,5.00,,50W,"VK3RRU near Mildura, Victoria OPEN",,,,
221,Moresby Ranges,439.900000,-,5.000000,,88.5,88.5,023,NN,023,Tone->Tone,FM,5.00,,50W,"VK6RGN near Geraldton, Western Australia OPEN",,,,
222,West Gap,438.525000,-,5.000000,Tone,91.5,88.5,023,NN,023,Tone->Tone,FM,5.00,,50W,"VK8RIT near Alice Springs, Northern Territory OPEN",,,,
223,Mt Arthur,438.550000,-,7.000000,,88.5,88.5,023,NN,023,Tone->Tone,FM,5.00,,50W,"VK7RJG near Launceston, Tasmania OPEN No tone local but 141.3 to link VK7RAF",,,,
224,Mt Kaputar,438.575000,-,7.000000,,88.5,88.5,023,NN,023,Tone->Tone,DMR,5.00,,50W,"VK2RNW near Narrabri, New South Wales OPEN",,,,
225,Dural,438.600000,-,5.000000,,88.5,88.5,023,NN,023,Tone->Tone,DMR,5.00,,50W,"VK2RWI near Sydney, None  TG505 Static on TS2 Dynamic groups will auto disconnect after 15 minutes of no use.",,,,
226,Black Mtn,438.600000,-,5.000000,,88.5,88.5,023,NN,023,Tone->Tone,DMR,5.00,,50W,"VK4RBY near Mackay, None OPEN Uses Mobile Data, so limited use if possible until Wi-Fi link commissioned.",,,,
227,Mt Duncan,438.600000,-,5.000000,Tone,141.3,88.5,023,NN,023,Tone->Tone,FM,5.00,,50W,"VK7RMD near Penguin, Tasmania OPEN Unilab Radio with 8 phased dipole array.",,,,
228,Mt Sugarloaf,438.625000,-,7.000000,,88.5,88.5,023,NN,023,Tone->Tone,DMR,5.00,,50W,"VK2RUM near Brunkerville, New South Wales OPEN Gencom Site 1",,,,
229,St Greg’s School,438.650000,-,7.000000,TSQL,88.5,91.5,023,NN,023,Tone->Tone,FM,5.00,,50W,"VK2RFG near Gregory Hills, New South Wales OPEN",,,,
230,VK6RBY,438.650000,-,5.000000,Tone,123.0,88.5,023,NN,023,Tone->Tone,FM,5.00,,50W,"VK6RBY near Harvey, Western Australia OPEN",,,,
231,Table Cape,438.650000,-,5.000000,Tone,141.3,88.5,023,NN,023,Tone->Tone,FM,5.00,,50W,"VK7RAC near Wynyard, Tasmania OPEN",,,,
232,Mt Sugarloaf,438.675000,-,5.000000,,88.5,88.5,023,NN,023,Tone->Tone,DMR,5.00,,50W,"VK2RNC near West Wallsend, New South Wales OPEN NBN TV Site",,,,
233,Mt Nardi,438.675000,-,5.000000,Tone,123.0,88.5,023,NN,023,Tone->Tone,FM,5.00,,50W,"VK2RPL near Lismore, New South Wales OPEN",,,,
234,Mt William,438.675000,-,5.000000,Tone,91.5,88.5,023,NN,023,Tone->Tone,FM,5.00,,50W,"VK3RWU near Ararat, Victoria OPEN",,,,
235,Mt Kiangarow,438.700000,-,5.000000,TSQL,88.5,91.5,023,NN,023,Tone->Tone,FM,5.00,,50W,"VK4RET near Bunya Mountains, None",,,,
236,Gagebrook,438.700000,-,5.000000,,88.5,88.5,023,NN,023,Tone->Tone,DMR,5.00,,50W,"VK7RAK near Hobart, Tasmania OPEN",,,,
237,Mt Canobolas,438.725000,-,5.000000,,88.5,88.5,023,NN,023,Tone->Tone,DMR,5.00,,50W,"VK2RAO near Orange, New South Wales OPEN",,,,
238,Maddens Plains,438.725000,-,5.000000,Tone,123.0,88.5,023,NN,023,Tone->Tone,DMR,5.00,,50W,"VK2RMP near Austinmer, New South Wales OPEN TG TS2 5025.",,,,
239,Wanneroo,438.725000,-,5.000000,Tone,123.0,88.5,023,NN,023,Tone->Tone,FM,5.00,,50W,"VK6RNA near Perth, Western Australia OPEN",,,,
240,Olinda,438.750000,-,7.000000,Tone,88.5,88.5,023,NN,023,Tone->Tone,FM,5.00,,50W,"VK3RHF near Melbourne East, Victoria OPEN",,,,
241,Logan,438.750000,-,5.000000,,88.5,88.5,023,NN,023,Tone->Tone,FM,5.00,,50W,"VK4RLB near Brisbane South, Queensland OPEN",,,,
242,Mt Goonaneman,438.775000,-,5.000000,,88.5,88.5,023,NN,023,Tone->Tone,FM,5.00,,50W,"VK4RBU near Hervey Bay, Queensland OPEN",,,,
243,O'Rourkes House,439.275000,-,5.000000,Tone,91.5,88.5,023,NN,023,Tone->Tone,FM,5.00,,50W,"VK4RDD near Toowoomba, Queensland OPEN",,,,
244,Kariong,439.300000,-,5.000000,,88.5,88.5,023,NN,023,Tone->Tone,FM,5.00,,50W,"VK2RTG near Gosford, New South Wales OPEN",,,,
245,O'Briens Mtn,439.300000,-,5.000000,Tone,91.5,88.5,023,NN,023,Tone->Tone,FM,5.00,,50W,"VK4RSM near Ipswich, Queensland OPEN",,,,
246,Sans Souci,439.325000,-,5.000000,Tone,91.5,88.5,023,NN,023,Tone->Tone,FM,5.00,,50W,"VK2RSV near Sydney, New South Wales OPEN",,,,
247,Narre Warren,438.712500,-,7.000000,,88.5,88.5,023,NN,023,Tone->Tone,DMR,12.50,,50W,"VK3RMC near Dandenong Sth, Victoria OPEN",,,,
248,Mt Big Ben,439.425000,-,5.000000,,88.5,88.5,023,NN,023,Tone->Tone,FM,5.00,,50W,"VK3RNE near Yackandandah, Victoria OPEN",,,,
249,VK3RGW,438.425000,-,7.000000,Tone,91.5,88.5,023,NN,023,Tone->Tone,FM,5.00,,50W,"VK3RGW near Cranbourne, Victoria OPEN",,,,
250,Mt Taylor,439.525000,-,5.000000,Tone,91.5,88.5,023,NN,023,Tone->Tone,FM,5.00,,50W,"VK3RTU near Bairnsdale, Victoria OPEN",,,,
251,Wilkes Knob,439.625000,-,5.000000,Tone,123.0,88.5,023,NN,023,Tone->Tone,FM,5.00,,50W,"VK4RNC near Caloundra, Queensland OPEN",,,,
252,Sarina,439.625000,-,5.000000,TSQL,88.5,91.5,023,NN,023,Tone->Tone,FM,5.00,,50W,"VK4RSA near Mackay South, Queensland OPEN",,,,
253,Gwynne Hill,439.650000,-,5.000000,Tone,123.0,88.5,023,NN,023,Tone->Tone,FM,5.00,,50W,"VK2RWB near Yarrawonga, New South Wales OPEN",,,,
254,CBD,438.575000,-,7.000000,Tone,91.5,88.5,023,NN,023,Tone->Tone,FM,5.00,,50W,"VK3RHD near Horsham, None",,,,
255,Mt Cottrell,439.725000,-,5.000000,,88.5,88.5,023,NN,023,Tone->Tone,FM,5.00,,50W,"VK3RPS near Melbourne West, Victoria OPEN",,,,
256,Horsley Park,439.750000,-,5.000000,Tone,91.5,88.5,023,NN,023,Tone->Tone,DMR,5.00,,50W,"VK2RHP near Sydney, New South Wales OPEN Stand alone DMR repeater - may be aligned with Brandmeiser TG/TS setup TG9",,,,
257,Cabbage Tree Mtn,439.775000,-,5.000000,,88.5,88.5,023,NN,023,Tone->Tone,DMR,5.00,,50W,"VK2RGL near Bulahdelah, New South Wales OPEN",,,,
258,Mt Wombat,439.775000,-,5.000000,Tone,123.0,88.5,023,NN,023,Tone->Tone,FM,5.00,,50W,"VK3RGV near Euroa, Victoria OPEN",,,,
259,Watalgan,439.775000,-,5.000000,,88.5,88.5,023,NN,023,Tone->Tone,FM,5.00,,50W,"VK4RBW near Bundaberg, Queensland OPEN",,,,
260,Governor Phillip Tower,439.800000,-,5.000000,Tone,91.5,88.5,023,NN,023,Tone->Tone,FM,5.00,,50W,"VK2RCG near Sydney, New South Wales OPEN",,,,
261,Mt St Leonard,439.800000,-,5.000000,TSQL,88.5,91.5,023,NN,023,Tone->Tone,FM,5.00,,50W,"VK3RMU near Healesville, Victoria OPEN",,,,
262,Lady Larcom,439.800000,-,5.000000,Tone,91.5,88.5,023,NN,023,Tone->Tone,FM,5.00,,50W,"VK4RGL near Gladstone, Queensland OPEN",,,,
263,Roleystone,439.800000,-,5.000000,Tone,123.0,88.5,023,NN,023,Tone->Tone,FM,5.00,,50W,"VK6RAP near Perth, Western Australia OPEN",,,,
264,Mt Macedon,439.825000,-,5.000000,Tone,91.5,88.5,023,NN,023,Tone->Tone,FM,5.00,,50W,"VK3RMM near Mount Macedon, None",,,,
265,Willunga Hill,439.825000,-,5.000000,,88.5,88.5,023,NN,023,Tone->Tone,DN,5.00,,50W,"VK5RSV near Willunga Hill, South Australia OPEN",,,,
266,Arthur's Seat,439.850000,-,5.000000,Tone,91.5,88.5,023,NN,023,Tone->Tone,FM,5.00,,50W,"VK3RPU near Rosebud, Victoria OPEN",,,,
267,VK5RPL,439.850000,-,5.000000,,88.5,88.5,023,NN,023,Tone->Tone,FM,5.00,,50W,"VK5RPL near North Side Hill, South Australia OPEN",,,,
268,Portable,439.875000,-,5.000000,Tone,91.5,88.5,023,NN,023,Tone->Tone,FM,5.00,,50W,"VK2RAH near WICEN, New South Wales OPEN P25 - NAC 293",,,,
269,Mt Major,439.875000,-,5.000000,,88.5,88.5,023,NN,023,Tone->Tone,FM,5.00,,50W,"VK3RDU near Shepparton, Victoria OPEN",,,,
270,Narre Warren,439.875000,-,5.000000,Tone,91.5,88.5,023,NN,023,Tone->Tone,FM,5.00,,50W,"VK3RMC near Dandenong Sth, Victoria OPEN",,,,
271,Banana Range,439.875000,-,5.000000,,88.5,88.5,023,NN,023,Tone->Tone,FM,5.00,,50W,"VK4RCQ near Biloela, Queensland OPEN",,,,
272,VK5RSB,439.900000,-,5.000000,Tone,91.5,88.5,023,NN,023,Tone->Tone,FM,5.00,,50W,"VK5RSB near Summertown, South Australia OPEN",,,,
273,Mars Hill,439.900000,-,5.000000,,88.5,88.5,023,NN,023,Tone->Tone,FM,5.00,,50W,"VK2RSM near Adaminaby, New South Wales OPEN",,,,
274,Glen Waverley,439.900000,-,5.000000,,88.5,88.5,023,NN,023,Tone->Tone,FM,5.00,,50W,"VK3RSE near Melbourne East, Victoria OPEN",,,,
275,Bones knob,439.900000,-,5.000000,,88.5,88.5,023,NN,023,Tone->Tone,FM,5.00,,50W,"VK4RBK near Tolga, Queensland OPEN",,,,
276,Chatswood,439.925000,-,5.000000,,88.5,88.5,023,NN,023,Tone->Tone,FM,5.00,,50W,"VK2RON near Sydney, New South Wales OPEN",,,,
277,Raymonds Hill,439.925000,-,5.000000,Tone,91.5,88.5,023,NN,023,Tone->Tone,FM,5.00,,50W,"VK4RWM near Ipswich, Queensland OPEN",,,,
278,VK5RAD,439.925000,-,5.000000,,88.5,88.5,023,NN,023,Tone->Tone,FM,5.00,,50W,"VK5RAD near Crafers, South Australia OPEN",,,,
279,Isaacs Ridge,439.950000,-,5.000000,Tone,91.5,88.5,023,NN,023,Tone->Tone,FM,5.00,,50W,"VK1RBM near Canberra, Australian Capital Territory OPEN",,,,
280,Burroway Hill,439.950000,-,5.000000,,88.5,88.5,023,NN,023,Tone->Tone,FM,5.00,,50W,"VK2RDD near Dubbo, New South Wales OPEN",,,,
281,Parrots Nest,439.950000,-,5.000000,Tone,123.0,88.5,023,NN,023,Tone->Tone,FM,5.00,,50W,"VK2RSC near Lismore, New South Wales OPEN",,,,
282,Mt Broughton,439.950000,-,5.000000,,88.5,88.5,023,NN,023,Tone->Tone,FM,5.00,,50W,"VK3RMG near Yea, Victoria OPEN",,,,
283,Lower Light,439.950000,-,5.000000,,88.5,88.5,023,NN,023,Tone->Tone,FM,5.00,,50W,"VK5ROC near Gawler West, South Australia OPEN",,,,
284,Mt Barker,439.950000,-,5.000000,,88.5,88.5,023,NN,023,Tone->Tone,FM,5.00,,50W,"VK6RAA near Albany, Western Australia OPEN",,,,
285,Mt Nelson,439.750000,-,7.000000,TSQL,88.5,141.3,023,NN,023,Tone->Tone,FM,5.00,,50W,"VK7RDS near Kingston, Tasmania OPEN",,,,
286,Chatswood,438.350000,-,5.400000,,88.5,88.5,023,NN,023,Tone->Tone,DMR,5.00,,50W,"VK2RHT near Sydney, New South Wales OPEN",,,,
287,Wyee,438.125000,-,5.400000,,88.5,88.5,023,NN,023,Tone->Tone,DMR,5.00,,50W,"VK2RHK near Doyalson, New South Wales OPEN",,,,
288,Kroombit Tops,147.375000,+,0.600000,Tone,91.5,88.5,023,NN,023,Tone->Tone,FM,5.00,,50W,"VK4RGA near Biloela, Queensland OPEN",,,,
289,Governor Phillip Tower,438.775000,-,5.000000,,88.5,88.5,023,NN,023,Tone->Tone,DV,5.00,,50W,"VK2RBV near Sydney, New South Wales OPEN",,,,
290,Upwey,146.825000,-,0.600000,Tone,94.8,88.5,023,NN,023,Tone->Tone,FM,5.00,,50W,"VK3RAJ near Ferntree Gully, Victoria OPEN",,,,
291,Upwey,439.750000,-,5.000000,Tone,91.5,88.5,023,NN,023,Tone->Tone,FM,5.00,,50W,"VK3RAJ near Ferntree Gully, Victoria OPEN",,,,
292,Water Tower,146.887500,-,0.600000,,88.5,88.5,023,NN,023,Tone->Tone,DV,12.50,,50W,"VK3RSD near Upwey, Victoria OPEN",,,,
293,Water Tower,145.175000,,0.000000,,88.5,88.5,023,NN,023,Tone->Tone,FM,5.00,,50W,"VK3RSA near Emerald, Victoria OPEN",,,,
294,Mt St Leonard Tower,439.550000,-,5.000000,Tone,91.5,88.5,023,NN,023,Tone->Tone,FM,5.00,,50W,"VK3RSB near Healesville, Victoria OPEN",,,,
295,VK4GO,438.975000,,0.000000,,88.5,88.5,023,NN,023,Tone->Tone,FM,5.00,,50W,"VK4GO near Atherton, Queensland OPEN C4FM and D-Star hotspot only local",,,,
296,Snow Hill,146.900000,-,0.600000,Tone,123.0,88.5,023,NN,023,Tone->Tone,FM,5.00,,50W,"VK7REC near Campelltown, Tasmania OPEN",,,,
297,Mt Wandera,147.075000,+,0.600000,,88.5,88.5,023,NN,023,Tone->Tone,FM,5.00,,50W,"VK2RMW near Batemans Bay, New South Wales OPEN",,,,
298,Hann Tableland,146.675000,-,0.600000,Tone,123.0,88.5,023,NN,023,Tone->Tone,FM,5.00,,50W,"VK4RHT near Mareeba, Queensland OPEN",,,,
299,Governor Phillip Tower,438.112500,-,5.400000,TSQL,88.5,91.5,023,NN,023,Tone->Tone,FM,12.50,,50W,"VK2RBV near Sydney, New South Wales OPEN",,,,
300,Dazzler Range,439.775000,-,5.000000,Tone,91.5,88.5,023,NN,023,Tone->Tone,FM,5.00,,50W,"VK7RDR near Beaconsfield, Tasmania OPEN permanently connected to VK7RTV",,,,
301,Brown Hill,438.525000,-,5.000000,Tone,91.5,88.5,023,NN,023,Tone->Tone,FM,5.00,,50W,"VK5RVH near Victor Harbor, South Australia OPEN",,,,
302,WICEN - portable,439.975000,-,5.000000,,88.5,88.5,023,NN,023,Tone->Tone,FM,5.00,,50W,"VK1RWP near Canberra, Australian Capital Territory OPEN WICEN - Portable",,,,
303,WICEN - Portable,439.925000,-,5.000000,,88.5,88.5,023,NN,023,Tone->Tone,FM,5.00,,50W,"VK1RWP near Canberra, Australian Capital Territory OPEN WICEN - Portable",,,,
304,WICEN - Portable,147.175000,+,0.600000,,88.5,88.5,023,NN,023,Tone->Tone,FM,5.00,,50W,"VK1RWP near Canberra, Australian Capital Territory OPEN WICEN - Portable",,,,
305,Mt Clarence,438.025000,-,7.000000,,88.5,88.5,023,NN,023,Tone->Tone,FM,5.00,,50W,"VK6RAL near Albany, Western Australia OPEN",,,,
306,Avon Central,147.175000,+,0.600000,,88.5,88.5,023,NN,023,Tone->Tone,FM,5.00,,50W,"VK6REC near Wooroloo, None",,,,
307,Roleystone,438.525000,-,7.000000,,88.5,88.5,023,NN,023,Tone->Tone,DMR,5.00,,50W,"VK6RLM near Perth, Western Australia OPEN",,,,
308,Roleystone,146.750000,-,0.600000,,88.5,88.5,023,NN,023,Tone->Tone,FM,5.00,,50W,"VK6RLM near Perth, Western Australia OPEN",,,,
309,Strzelecki Lookout,438.925000,-,7.000000,,88.5,88.5,023,NN,023,Tone->Tone,DMR,5.00,,50W,"VK2RHX near Newcastle, New South Wales OPEN currently on VK-DMR network",,,,
310,Mt Buller,439.675000,-,5.000000,,88.5,88.5,023,NN,023,Tone->Tone,FM,5.00,,50W,"VK3RZU near Vic Highlands, Victoria OPEN",,,,
311,Mt Lindsay,147.200000,+,0.600000,,88.5,88.5,023,NN,023,Tone->Tone,FM,5.00,,50W,"VK2RCW near Orange, New South Wales OPEN",,,,
312,Mt Lindsay,439.300000,-,5.000000,,88.5,88.5,023,NN,023,Tone->Tone,FM,5.00,,50W,"VK2RCW near Orange, New South Wales OPEN FM, 25Khz channel width",,,,
313,VK3RCD,438.187500,-,5.400000,,88.5,88.5,023,NN,023,Tone->Tone,DN,12.50,,50W,"VK3RCD near Kinglake, Victoria OPEN AUS-REPEATER-NET",,,,
314,Mt Kanigan,146.775000,-,0.600000,Tone,91.5,88.5,023,NN,023,Tone->Tone,FM,5.00,,50W,"VK4RGN near Gympie North, Queensland OPEN",,,,
315,Red Light Hill,147.225000,+,0.600000,Tone,118.8,88.5,023,NN,023,Tone->Tone,FM,5.00,,50W,"VK2RAY near Albury, New South Wales OPEN",,,,
316,Mt Duncan,146.625000,-,0.600000,Tone,141.3,88.5,023,NN,023,Tone->Tone,FM,5.00,,50W,"VK7RMD near Penguin, Tasmania OPEN",,,,
317,New South Wales,146.750000,-,0.600000,,88.5,88.5,023,NN,023,Tone->Tone,FM,5.00,,50W,"VK2RFS near Bega, New South Wales OPEN",,,,
318,Mt Ganghat,438.325000,-,5.000000,,88.5,88.5,023,NN,023,Tone->Tone,FM,5.00,,50W,"VK2REE near Wingham, New South Wales OPEN",,,,
319,Wongawallan,439.825000,-,5.000000,Tone,91.5,88.5,023,NN,023,Tone->Tone,FM,5.00,,50W,"VK4RBT near Gold Coast, Queensland OPEN",,,,
320,Wongawallan,147.200000,-,1.600000,Tone,91.5,88.5,023,NN,023,Tone->Tone,FM,5.00,,50W,"VK4RBT near Gold Coast, Queensland OPEN Split freq 1.6KHz",,,,
321,Mt Coot-tha,146.650000,-,0.600000,Tone,91.5,88.5,023,NN,023,Tone->Tone,FM,5.00,,50W,"VK4RMC near Brisbane, Queensland OPEN",,,,
322,Mt Coot-tha,438.800000,-,7.000000,,88.5,88.5,023,NN,023,Tone->Tone,DMR,5.00,,50W,"VK4RMC near Brisbane, Queensland OPEN",,,,
323,VK8RKT,438.725000,-,7.000000,Tone,91.5,88.5,023,NN,023,Tone->Tone,FM,5.00,,50W,"VK8RKT near Katherine, Northern Territory OPEN",,,,
324,Old Gympie Railway Station,439.950000,-,5.000000,,88.5,88.5,023,NN,023,Tone->Tone,FM,5.00,,50W,"VK4RGY near Gympie, Queensland OPEN",,,,
325,Craignish,439.375000,-,5.000000,,88.5,88.5,023,NN,023,Tone->Tone,FM,5.00,,50W,"VK4RNL near Hervey Bay, Queensland OPEN",,,,
326,Craignish,147.275000,+,0.600000,,88.5,88.5,023,NN,023,Tone->Tone,FM,5.00,,50W,"VK4RNL near Hervey Bay, Queensland OPEN",,,,
327,VK7RAD,438.675000,-,7.000000,TSQL,88.5,91.5,023,NN,023,Tone->Tone,DMR,5.00,,50W,"VK7RAD near Hobart, None OPEN",,,,
328,Bald Hill,146.975000,-,0.600000,Tone,123.0,88.5,023,NN,023,Tone->Tone,FM,5.00,,50W,"VK3RWO near Wodonga, Victoria OPEN",,,,
329,Goombargana Hill,146.700000,-,0.600000,,88.5,88.5,023,NN,023,Tone->Tone,FM,5.00,,50W,"VK2RWD near Walbundrie, New South Wales OPEN",,,,
330,Balranald,146.725000,-,0.600000,,88.5,88.5,023,NN,023,Tone->Tone,FM,5.00,,50W,"VK2RBL near Sunraysia, New South Wales OPEN",,,,
331,Gan Gan Hill,439.700000,-,5.000000,Tone,91.5,88.5,023,NN,023,Tone->Tone,FM,5.00,,50W,"VK2ROJ near Nelson Bay, New South Wales OPEN",,,,
332,VK2RYG,146.875000,-,0.600000,Tone,91.5,88.5,023,NN,023,Tone->Tone,FM,5.00,,50W,"VK2RYG near Young South, New South Wales OPEN",,,,
333,Mt Wombat,438.900000,-,7.000000,,88.5,88.5,023,NN,023,Tone->Tone,DMR,5.00,,50W,"VK3RGV near Euroa, Victoria OPEN Repeater at Mt Wombat near Euroa Vic.",,,,
334,Mt Cotton,146.875000,-,0.600000,Tone,91.5,88.5,023,NN,023,Tone->Tone,FM,5.00,,50W,"VK4RDB near Redland, Queensland OPEN",,,,
335,Kellys Plain,438.650000,-,7.000000,Cross,88.5,123.0,023,NN,023,->Tone,FM,5.00,,50W,"VK2RAD near Armidale, New South Wales OPEN",,,,
336,Mt Lofty,439.850000,-,5.000000,Tone,123.0,88.5,023,NN,023,Tone->Tone,FM,5.00,,50W,"VK2RCR near Nymboida, New South Wales OPEN",,,,
337,CBD,438.175000,-,7.000000,Tone,91.5,88.5,023,NN,023,Tone->Tone,FM,5.00,,50W,"VK3RBH near Geelong, Victoria OPEN",,,,
338,Mt Moliagul No2,438.350000,-,7.000000,Tone,91.5,88.5,023,NN,023,Tone->Tone,FM,5.00,,50W,"VK3RCU near Wedderburn, Victoria OPEN",,,,
339,Mt Macedon,438.875000,-,7.000000,Tone,88.5,88.5,023,NN,023,Tone->Tone,FM,5.00,,50W,"VK3RHF near Melbourne North West, Victoria OPEN",,,,
340,Knights Hill,146.675000,-,0.600000,,88.5,88.5,023,NN,023,Tone->Tone,FM,5.00,,50W,"VK2RUW near Albion Park, New South Wales OPEN",,,,
341,Mt Ganghat,146.675000,-,0.600000,TSQL,88.5,123.0,023,NN,023,Tone->Tone,FM,5.00,,50W,"VK2REE near Wingham, New South Wales OPEN",,,,
342,Mt Coramba,146.850000,-,0.600000,Tone,123.0,88.5,023,NN,023,Tone->Tone,FM,5.00,,50W,"VK2RCH near Coffs Harbour, None  VK2RDO 146.650, VK2RCB 146.750 and VK2RCH 146.850 are linked.",,,,
343,Storey Park,439.975000,-,5.000000,Tone,91.5,88.5,023,NN,023,Tone->Tone,DV,5.00,,50W,"VK2RNS near Hornsby, New South Wales OPEN",,,,
344,Blue Mtn,439.300000,-,5.000000,,88.5,88.5,023,NN,023,Tone->Tone,DV,5.00,,50W,"VK4RBM near Mackay, None OPEN D-Star permanently connected to DCS014B Reflector.",,,,
345,Carborough Range,146.875000,-,0.600000,TSQL,88.5,91.5,023,NN,023,Tone->Tone,FM,5.00,,50W,"VK4RAS near Mackay, Queensland OPEN",,,,
346,Companion Hill,439.900000,-,5.000000,Tone,141.3,88.5,023,NN,023,Tone->Tone,FM,5.00,,50W,"VK7RAL near Burnie, Tasmania OPEN",,,,
347,Mt Faulkner,438.550000,-,5.000000,,88.5,88.5,023,NN,023,Tone->Tone,FM,5.00,,50W,"VK7RAF near Claremont, Tasmania OPEN",,,,
348,The Bluff,438.500000,-,7.000000,,88.5,88.5,023,NN,023,Tone->Tone,FM,5.00,,50W,"VK5RMN near Port Pirie, South Australia OPEN",,,,
349,Mt Gravatt,147.350000,+,0.600000,Tone,91.5,88.5,023,NN,023,Tone->Tone,FM,5.00,,50W,"VK4RBR near Brisbane, Queensland OPEN",,,,
350,Black Mtn,147.150000,+,0.600000,,88.5,88.5,023,NN,023,Tone->Tone,FM,5.00,,50W,"VK4RAG near Noosa Heads, Queensland OPEN",,,,
351,Middlemount,147.050000,+,0.600000,TSQL,88.5,91.5,023,NN,023,Tone->Tone,FM,5.00,,50W,"VK4REP near Emerald, Queensland OPEN",,,,
352,Point Danger,439.950000,-,5.000000,Tone,91.5,88.5,023,NN,023,Tone->Tone,FM,5.00,,50W,"VK3RPL near Portland, Victoria OPEN",,,,
353,CBD,147.037500,+,0.600000,,88.5,88.5,023,NN,023,Tone->Tone,DN,12.50,,50W,"VK3RNB near Melbourne, None",,,,
354,Glen Waverley,438.825000,-,7.000000,,88.5,88.5,023,NN,023,Tone->Tone,DMR,5.00,,50W,"VK3RSU near Melbourne, Victoria OPEN",,,,
355,Mt Manton,438.100000,-,7.000000,,88.5,88.5,023,NN,023,Tone->Tone,DMR,5.00,,50W,"VK2RYS near Yass, New South Wales OPEN",,,,
356,VK3RDR,438.262500,-,7.000000,,88.5,88.5,023,NN,023,Tone->Tone,DMR,12.50,,50W,"VK3RDR near Cranbourne, Victoria OPEN",,,,
357,Mt Arthur,438.412500,-,5.000000,,88.5,88.5,023,NN,023,Tone->Tone,DMR,12.50,,50W,"VK7RJG near Launceston, Tasmania OPEN",,,,
358,Engadine,438.425000,-,5.000000,,88.5,88.5,023,NN,023,Tone->Tone,DMR,5.00,,50W,"VK2RLE near Loftus, New South Wales OPEN",,,,
359,CBD,438.762500,-,7.000000,,88.5,88.5,023,NN,023,Tone->Tone,DMR,12.50,,50W,"VK3RDS near Shepparton, Victoria OPEN",,,,
360,Wongawallan,438.712500,-,7.000000,,88.5,88.5,023,NN,023,Tone->Tone,DMR,12.50,,50W,"VK4RBT near Gold Coast, Queensland OPEN",,,,
361,Isaacs Ridge,438.812500,-,7.000000,,88.5,88.5,023,NN,023,Tone->Tone,DMR,12.50,,50W,"VK1RBM near Canberra, None  Note DMR repeaters have various shifts. Linked to the VKDMR.COM network",,,,
362,Wilkes Knob,438.887500,-,7.000000,,88.5,88.5,023,NN,023,Tone->Tone,DMR,12.50,,50W,"VK4RNX near Caloundra, Queensland OPEN",,,,
363,Karingal,438.912500,-,7.000000,,88.5,88.5,023,NN,023,Tone->Tone,DMR,12.50,,50W,"VK3RTE near Frankston, Victoria OPEN",,,,
364,Mt Kynoch,439.487500,-,5.000000,,88.5,88.5,023,NN,023,Tone->Tone,DMR,12.50,,50W,"VK4RTQ near Toowoomba, Queensland OPEN",,,,
365,Governor Phillip Tower,439.500000,-,5.000000,,88.5,88.5,023,NN,023,Tone->Tone,DMR,5.00,,50W,"VK2RCG near Sydney, New South Wales OPEN",,,,
366,Brigadoon,439.862500,-,5.000000,,88.5,88.5,023,NN,023,Tone->Tone,DMR,12.50,,50W,"VK6RDM near Perth, Western Australia OPEN",,,,
367,High Range,438.025000,-,5.000000,Tone,91.5,88.5,023,NN,023,Tone->Tone,DMR,5.00,,50W,"VK2RHR near Mittagong, New South Wales OPEN",,,,
368,McCraes Knob,439.912500,-,5.000000,,88.5,88.5,023,NN,023,Tone->Tone,DMR,12.50,,50W,"VK2RCV near Grafton, New South Wales OPEN",,,,
369,Atherton,146.850000,-,0.600000,,88.5,88.5,023,NN,023,Tone->Tone,FM,5.00,,50W,"VK4RSD near Malanda, Queensland OPEN",,,,
370,Atherton,439.950000,-,5.000000,,88.5,88.5,023,NN,023,Tone->Tone,FM,5.00,,50W,"VK4SDD near Malanda, Queensland OPEN",,,,
371,Mt Kynoch,147.050000,+,0.600000,Tone,91.5,88.5,023,NN,023,Tone->Tone,FM,5.00,,50W,"VK4RTQ near Toowoomba, Queensland OPEN",,,,
372,Wilkes Knob,147.050000,+,0.600000,Tone,123.0,88.5,023,NN,023,Tone->Tone,FM,5.00,,50W,"VK4RNX near Caloundra, Queensland OPEN",,,,
373,The Knobby,147.375000,+,0.600000,Tone,91.5,88.5,023,NN,023,Tone->Tone,FM,5.00,,50W,"VK4RVR near Ipswich, Queensland OPEN",,,,
374,Mt Crawney,146.825000,-,0.600000,,88.5,88.5,023,NN,023,Tone->Tone,FM,5.00,,50W,"VK2RAB near Wallabadah, New South Wales OPEN",,,,
375,Mt Woolooma,147.750000,-,1.600000,Tone,91.5,88.5,023,NN,023,Tone->Tone,FM,5.00,,50W,"VK2RTJ near Scone, New South Wales OPEN",,,,
376,VK3RVZ,438.600000,-,7.000000,Tone,123.0,88.5,023,NN,023,Tone->Tone,FM,5.00,,50W,"VK3RVZ near Brighton, Victoria OPEN",,,,
377,Mt Delegate,146.625000,-,0.600000,,88.5,88.5,023,NN,023,Tone->Tone,FM,5.00,,50W,"VK3RDH near Delegate, Victoria OPEN",,,,
378,Upwey,438.775000,-,7.000000,,88.5,88.5,023,NN,023,Tone->Tone,DMR,5.00,,50W,"VK3RAJ near Ferntree Gully, Victoria OPEN",,,,
379,Willans Hill,439.800000,-,5.000000,Tone,91.5,88.5,023,NN,023,Tone->Tone,FM,5.00,,50W,"VK2RTW near Wagga Wagga, New South Wales OPEN Standalone repeater. Not part of the WARC linked repeater system.",,,,
380,VK2RWE,439.800000,-,5.000000,Tone,123.0,88.5,023,NN,023,Tone->Tone,FM,5.00,,50W,"VK2RWE near Waterview Heights, New South Wales OPEN",,,,
381,Mt Buninyong,439.675000,-,7.000000,Tone,123.0,88.5,023,NN,023,Tone->Tone,DMR,5.00,,50W,"VK3RBA near Ballarat, Victoria OPEN",,,,
382,Blackdown Tableland,146.637500,-,0.600000,,88.5,88.5,023,NN,023,Tone->Tone,DV,12.50,,50W,"VK4RBD near Rockhampton, Queensland OPEN",,,,
383,Black Mtn,146.650000,-,0.600000,TSQL,88.5,91.5,023,NN,023,Tone->Tone,FM,5.00,,50W,"VK4RBY near Mackay, None OPEN",,,,
384,Mt Canobolas,146.700000,-,0.600000,Tone,91.5,88.5,023,NN,023,Tone->Tone,FM,5.00,,50W,"VK2RAO near Orange, New South Wales OPEN",,,,
385,VK2RMS,146.725000,-,0.600000,,88.5,88.5,023,NN,023,Tone->Tone,FM,5.00,,50W,"VK2RMS near Lightning Ridge, New South Wales OPEN",,,,
386,Gagebrook,146.800000,-,0.600000,,88.5,88.5,023,NN,023,Tone->Tone,FM,5.00,,50W,"VK7RAK near Hobart, Tasmania OPEN",,,,
387,SES Headquarters Building,146.850000,-,0.600000,Tone,91.5,88.5,023,NN,023,Tone->Tone,FM,5.00,,50W,"VK6RMH near Mandurah, Western Australia OPEN",,,,
388,Mt Arthur,146.875000,-,0.600000,Tone,123.0,88.5,023,NN,023,Tone->Tone,FM,5.00,,50W,"VK2RZL near Muswellbrook, New South Wales OPEN",,,,
389,VK2RLJ,146.875000,-,0.600000,,88.5,88.5,023,NN,023,Tone->Tone,FM,5.00,,50W,"VK2RLJ near Mt Perisher, New South Wales OPEN",,,,
390,Mt Haren,147.012500,-,1.600000,TSQL,88.5,123.0,023,NN,023,Tone->Tone,FM,12.50,,50W,"VK4RCA near Cairns, Queensland OPEN",,,,
391,Winter Hill,146.962500,-,0.600000,,88.5,88.5,023,NN,023,Tone->Tone,DV,12.50,,50W,"VK5REX near Port Lincoln, South Australia OPEN",,,,
392,Range Rd,147.037500,+,0.600000,,88.5,88.5,023,NN,023,Tone->Tone,DV,12.50,,50W,"VK5RWN near Banksia Park, South Australia OPEN",,,,
393,Mt Delegate,147.125000,+,0.600000,,88.5,88.5,023,NN,023,Tone->Tone,FM,5.00,,50W,"VK3RDG near Delegate, Victoria OPEN",,,,
394,VK2RWK,147.150000,+,0.600000,,88.5,88.5,023,NN,023,Tone->Tone,FM,5.00,,50W,"VK2RWK near Kurrajong Heights, New South Wales OPEN",,,,
395,Mt Sugarloaf,147.150000,+,0.600000,,88.5,88.5,023,NN,023,Tone->Tone,FM,5.00,,50W,"VK2RWH near West Wallsend, New South Wales OPEN AUZCOM site vacated but WICEN are mobile",,,,
396,Mt Baw Baw,147.225000,+,0.600000,Tone,91.5,88.5,023,NN,023,Tone->Tone,FM,5.00,,50W,"VK3RWG near Vic Highlands, Victoria OPEN",,,,
397,VK3RMC,147.325000,+,0.600000,TSQL,88.5,91.5,023,NN,023,Tone->Tone,FM,5.00,,50W,"VK3RMC near Dandenong Sth, None OPEN",,,,
398,Table Cape,147.375000,+,0.600000,,88.5,88.5,023,NN,023,Tone->Tone,FM,5.00,,50W,"VK7RAC near Wynyard, Tasmania OPEN",,,,
399,Rochedale,147.925000,-,0.600000,Tone,91.5,88.5,023,NN,023,Tone->Tone,FM,5.00,,50W,"VK4RBA near Upper Mount Gravatt, Queensland OPEN",,,,
400,Mt Kynoch,438.025000,-,7.000000,Tone,91.5,88.5,023,NN,023,Tone->Tone,FM,5.00,,50W,"VK4RTQ near Toowoomba, Queensland OPEN S.E. QLD WICEN NETWORK",,,,
401,VK3RCP,438.025000,-,5.000000,,88.5,88.5,023,NN,023,Tone->Tone,FM,5.00,,50W,"VK3RCP near Ouyen, Victoria OPEN",,,,
402,Mt Major,438.075000,-,5.000000,,88.5,88.5,023,NN,023,Tone->Tone,FM,5.00,,50W,"VK3RDU near Shepparton, Victoria OPEN",,,,
403,Top of 150 foot tower,438.112500,-,7.000000,,88.5,88.5,023,NN,023,Tone->Tone,DN,12.50,,50W,"VK5RDF near Crafers, South Australia OPEN",,,,
404,VK3RTA,438.125000,-,7.000000,,88.5,88.5,023,NN,023,Tone->Tone,DMR,5.00,,50W,"VK3RTA near Beulah, Victoria OPEN",,,,
405,Saddleback Mountain,438.300000,-,5.000000,,88.5,88.5,023,NN,023,Tone->Tone,FM,5.00,,50W,"VK2RIW near Kiama, New South Wales OPEN",,,,
406,5 km East of Moonta BALD HILL SA 5558,438.325000,-,5.000000,Tone,91.5,88.5,023,NN,023,Tone->Tone,FM,5.00,,50W,"VK5RCT near Moonta, South Australia OPEN",,,,
407,Mt Fatigue,438.375000,-,5.000000,,88.5,88.5,023,NN,023,Tone->Tone,FM,5.00,,50W,"VK3RGS near Foster, Victoria OPEN",,,,
408,Mt Hotham,438.375000,-,5.000000,,88.5,88.5,023,NN,023,Tone->Tone,FM,5.00,,50W,"VK3RHO near Vic Highlands, Victoria OPEN",,,,
409,VK3RLV,438.375000,-,5.000000,Tone,91.5,88.5,023,NN,023,Tone->Tone,FM,5.00,,50W,"VK3RLV near Callignee, Victoria OPEN",,,,
410,VK2RLJ,438.450000,-,5.000000,,88.5,88.5,023,NN,023,Tone->Tone,FM,5.00,,50W,"VK2RLJ near Mt Perisher, New South Wales OPEN",,,,
411,Sarina Beach Road Tower,438.450000,-,5.000000,TSQL,88.5,91.5,023,NN,023,Tone->Tone,FM,5.00,,50W,"VK4RUS near Sarina, None OPEN Multimode Repeater",,,,
412,Wilkes Knob,438.550000,-,5.200000,,88.5,88.5,023,NN,023,Tone->Tone,DV,5.00,,50W,"VK4RDS near Caloundra, Queensland OPEN",,,,
413,Seaview,438.575000,-,7.000000,Tone,91.5,88.5,023,NN,023,Tone->Tone,FM,5.00,,50W,"VK3RWD near Warragul, Victoria OPEN",,,,
414,Bald Hill,438.600000,-,7.000000,TSQL,88.5,123.0,023,NN,023,Tone->Tone,FM,5.00,,50W,"VK3RWO near Wodonga, Victoria OPEN In AUS-REPEATERS-NET Room #24160",,,,
415,Black Mtn,438.625000,-,5.000000,,88.5,88.5,023,NN,023,Tone->Tone,FM,5.00,,50W,"VK4RAG near Noosa Heads, Queensland OPEN",,,,
416,Signal Hill,438.325000,-,5.000000,,88.5,88.5,023,NN,023,Tone->Tone,DMR,5.00,,50W,"VK2RGN near Goulburn, New South Wales OPEN",,,,
417,Mt Wombat,438.650000,-,7.000000,Tone,91.5,88.5,023,NN,023,Tone->Tone,FM,5.00,,50W,"VK3RGV near Euroa, Victoria OPEN",,,,
418,White Hills,438.912500,,0.000000,,88.5,88.5,023,NN,023,Tone->Tone,DV,12.50,,50W,"VK3RCE near Bendigo, Victoria OPEN",,,,
419,Montpellier,439.575000,-,5.000000,Tone,91.5,88.5,023,NN,023,Tone->Tone,FM,5.00,,50W,"VK3RGC near Geelong, Victoria OPEN",,,,
420,Mt Sugarloaf,439.625000,-,5.000000,,88.5,88.5,023,NN,023,Tone->Tone,FM,5.00,,50W,"VK2RWH near West Wallsend, New South Wales OPEN AUZCOM site vacated but WICEN are mobile",,,,
421,Snow Hill,439.700000,-,5.000000,,88.5,88.5,023,NN,023,Tone->Tone,FM,5.00,,50W,"VK7REC near Campbell Town, Tasmania OPEN",,,,
422,Pillaworta Hill,439.850000,-,5.000000,,88.5,88.5,023,NN,023,Tone->Tone,FM,5.00,,50W,"VK5RAC near Port Lincoln, South Australia OPEN",,,,
423,Mt Gray,439.950000,-,5.000000,,88.5,88.5,023,NN,023,Tone->Tone,FM,5.00,,50W,"VK2RGN near Goulburn, New South Wales OPEN",,,,
424,Rochedale,439.950000,-,5.000000,Tone,91.5,88.5,023,NN,023,Tone->Tone,FM,5.00,,50W,"VK4RBA near Upper Mount Gravatt, Queensland OPEN",,,,
425,Mt Coot-tha,439.975000,-,5.000000,Tone,91.5,88.5,023,NN,023,Tone->Tone,FM,5.00,,50W,"VK4RMC near Brisbane, Queensland OPEN",,,,
426,Wyangala Dam,438.825000,-,7.000000,,88.5,88.5,023,NN,023,Tone->Tone,DMR,5.00,,50W,"VK2RBT near Cowra, New South Wales OPEN",,,,
427,Gan Gan Hill,438.825000,-,7.000000,,88.5,88.5,023,NN,023,Tone->Tone,DMR,5.00,,50W,"VK2ROJ near Nelson Bay, New South Wales OPEN",,,,
428,Mt Arthur,438.437500,-,7.000000,,88.5,88.5,023,NN,023,Tone->Tone,FM,12.50,,50W,"VK7RJG near Launceston, Tasmania OPEN",,,,
429,Mt Arthur,438.462500,-,7.000000,,88.5,88.5,023,NN,023,Tone->Tone,DV,12.50,,50W,"VK7RJG near Launceston, Tasmania OPEN",,,,
430,Table Cape,438.700000,-,7.000000,,88.5,88.5,023,NN,023,Tone->Tone,DV,5.00,,50W,"VK7RAC near Wynyard, Tasmania OPEN",,,,
431,VK6RKB,438.325000,-,5.000000,,88.5,88.5,023,NN,023,Tone->Tone,FM,5.00,,50W,"VK6RKB near Boyanup, Western Australia OPEN",,,,
432,Brigadoon,438.075000,-,7.000000,,88.5,88.5,023,NN,023,Tone->Tone,FM,5.00,,50W,"VK6RDM near Perth, Western Australia OPEN",,,,
433,Terrey Hills,438.400000,-,5.400000,,88.5,88.5,023,NN,023,Tone->Tone,DMR,5.00,,50W,"VK2RMB near Sydney, New South Wales OPEN",,,,
434,VK2RPH,438.325000,-,7.000000,,88.5,88.5,023,NN,023,Tone->Tone,DMR,5.00,,50W,"VK2RPH near Balranald, New South Wales OPEN",,,,
435,Upper Hermitage,438.050000,-,7.000000,TSQL,88.5,91.5,023,NN,023,Tone->Tone,FM,5.00,,50W,"VK5RKW near Banksia Park, South Australia OPEN",,,,
436,White Hills,145.375000,,0.000000,Tone,91.5,88.5,023,NN,023,Tone->Tone,FM,5.00,,50W,"VK3RME near Bendigo, Victoria OPEN",,,,
437,Mt Grundy,146.925000,-,0.600000,,88.5,88.5,023,NN,023,Tone->Tone,FM,5.00,,50W,"VK2RPW near Walcha, New South Wales OPEN",,,,
438,Mt Grundy,438.225000,-,7.000000,,88.5,88.5,023,NN,023,Tone->Tone,FM,5.00,,50W,"VK2RPW near Walcha, New South Wales OPEN",,,,
439,Mt Kaputar,146.625000,-,0.600000,,88.5,88.5,023,NN,023,Tone->Tone,FM,5.00,,50W,"VK2RNW near Narrabri, New South Wales OPEN",,,,
440,Avoca Hill,439.750000,-,5.000000,,88.5,88.5,023,NN,023,Tone->Tone,FM,5.00,,50W,"VK2RMO near Tamworth, New South Wales OPEN",,,,
441,VK2RCZ,439.425000,-,5.000000,Tone,91.5,88.5,023,NN,023,Tone->Tone,FM,5.00,,50W,"VK2RCZ near Springwood, None OPEN",,,,
442,Mt Edward,147.175000,+,0.600000,TSQL,88.5,91.5,023,NN,023,Tone->Tone,FM,5.00,,50W,"VK4RDL near Mackay, Queensland OPEN",,,,
443,Mt Cotton,438.825000,-,7.000000,,88.5,88.5,023,NN,023,Tone->Tone,DMR,5.00,,50W,"VK4RDB near Redland, None OPEN VKDMR network Static TGs TS1: 1,5,13; TS2: 505,3804 BM network (restricted TGs). BM TG 505424 keys TG9 on TS1 locally. BM PCalls enabled.",,,,
444,Toronto,438.737500,-,7.000000,,88.5,88.5,023,NN,023,Tone->Tone,DMR,12.50,,50W,"VK2RGP near Newcastle, New South Wales OPEN",,,,
445,VK3RAY,438.400000,-,7.000000,,88.5,88.5,023,NN,023,Tone->Tone,DMR,5.00,,50W,"VK3RAY near Wodonga, Victoria OPEN",,,,
446,CBD,439.925000,-,5.000000,,88.5,88.5,023,NN,023,Tone->Tone,DMR,5.00,,50W,"VK3RBQ near Dimboola, Victoria OPEN",,,,
447,CBD,438.325000,-,7.000000,,88.5,88.5,023,NN,023,Tone->Tone,DMR,5.00,,50W,"VK3RHD near Horsham, None  Connected to FreeDMR &amp; Brandmeister.",,,,
448,VK3RTA,147.075000,+,0.600000,,88.5,88.5,023,NN,023,Tone->Tone,FM,5.00,,50W,"VK3RTA near Beulah, Victoria OPEN",,,,
449,The Knobby,438.837500,-,7.000000,,88.5,88.5,023,NN,023,Tone->Tone,DMR,12.50,,50W,"VK4RVR near Ipswich, Queensland OPEN",,,,
450,Pretty Sally,145.012500,+,0.600000,,88.5,88.5,023,NN,023,Tone->Tone,FM,12.50,,50W,"VK3RPT near Wallan, Victoria OPEN",,,,
451,Bass Hill,440.950000,-,20.000000,,88.5,88.5,023,NN,023,Tone->Tone,FM,5.00,,50W,"VK3RSG near Phillip Island, Victoria OPEN",,,,
452,Briarty Hill,438.837500,-,7.000000,,88.5,88.5,023,NN,023,Tone->Tone,FM,12.50,,50W,"VK3RYR near Gruyere, Victoria OPEN",,,,
453,Green Hill,439.325000,-,5.000000,,88.5,88.5,023,NN,023,Tone->Tone,FM,5.00,,50W,"VK3RGH near Kyneton, Victoria OPEN",,,,
454,VK6RRR,147.050000,+,0.600000,,88.5,88.5,023,NN,023,Tone->Tone,FM,5.00,,50W,"VK6RRR near Kalgoorlie, Western Australia OPEN",,,,
455,Brigadoon,439.150000,,0.000000,Tone,123.0,88.5,023,NN,023,Tone->Tone,FM,5.00,,50W,"VK6RDM near Perth, Western Australia OPEN",,,,
456,Brigadoon,147.300000,+,0.600000,,88.5,88.5,023,NN,023,Tone->Tone,FM,5.00,,50W,"VK6RDM near Perth, Western Australia OPEN",,,,
457,Wyee,439.875000,-,5.000000,,88.5,88.5,023,NN,023,Tone->Tone,DMR,5.00,,50W,"VK2RHK near Doyalson, New South Wales OPEN",,,,
458,Mt Rouse,147.325000,+,0.600000,Tone,91.5,88.5,023,NN,023,Tone->Tone,FM,5.00,,50W,"VK3RPR near Penshurst, Victoria OPEN Linked to VK3RWZ MT WILLIAM 146.950 AND VK3RWM MT ARAPILES HORSHAM 146.850",,,,
459,VK2RBA,438.837500,-,7.000000,,88.5,88.5,023,NN,023,Tone->Tone,DMR,12.50,,50W,"VK2RBA near Bombala, New South Wales OPEN",,,,
460,Water Tower,438.800000,-,7.000000,,88.5,88.5,023,NN,023,Tone->Tone,DMR,5.00,,50W,"VK3RSA near Emerald, Victoria OPEN",,,,
461,Trinity Beach,438.100000,-,7.000000,Cross,88.5,123.0,023,NN,023,->Tone,FM,5.00,,50W,"VK4RSB near Cairns, Queensland OPEN Connected to Cairns Allstar Hub #599730",,,,
462,CBD,438.375000,-,7.000000,Tone,91.5,88.5,023,NN,023,Tone->Tone,FM,5.00,,50W,"VK4RAB near Bowen, Queensland OPEN",,,,
463,CBD,146.725000,-,0.600000,Tone,91.5,88.5,023,NN,023,Tone->Tone,FM,5.00,,50W,"VK4RAB near Bowen, Queensland OPEN",,,,
464,Somersby,438.850000,-,7.000000,,88.5,88.5,023,NN,023,Tone->Tone,DMR,5.00,,50W,"VK2RAG near Gosford, New South Wales OPEN",,,,
465,Mt Arthur,438.937500,-,7.000000,,88.5,88.5,023,NN,023,Tone->Tone,DMR,12.50,,50W,"VK2RZL near Musselbrook, New South Wales OPEN",,,,
466,Somersby WICEN,438.800000,-,7.000000,,88.5,88.5,023,NN,023,Tone->Tone,DMR,5.00,,50W,"VK2RAG near Gosford, New South Wales OPEN",,,,
467,Somersby WICEN,147.725000,-,0.600000,,88.5,88.5,023,NN,023,Tone->Tone,DMR,5.00,,50W,"VK2RAG near Gosford, New South Wales OPEN",,,,
468,Mt Goonaneman,438.100000,-,7.000000,,88.5,88.5,023,NN,023,Tone->Tone,DMR,5.00,,50W,"VK4RBU near Hervey Bay, Queensland OPEN",,,,
469,Norman Gardens,438.812500,-,7.000000,,88.5,88.5,023,NN,023,Tone->Tone,DMR,12.50,,50W,"VK4RJW near Rockhampton, Queensland OPEN Dial a TG available. Set up TG9 on TS2. Link to information https://www.oz-dmr.network/dial-a-talk-group/",,,,
470,Miners Rest,438.725000,-,7.000000,Tone,91.5,88.5,023,NN,023,Tone->Tone,FM,5.00,,50W,"VK3RKK near Ballarat, Victoria OPEN",,,,
471,The Bluff,439.825000,-,5.000000,,88.5,88.5,023,NN,023,Tone->Tone,FM,5.00,,50W,"VK5ROH near Mount Gambier, South Australia OPEN",,,,
472,VK5RWR,438.750000,-,7.000000,Cross,88.5,91.5,023,NN,023,->Tone,FM,5.00,,50W,"VK5RWR near Waikerie, South Australia OPEN Repeater Operating in AMS Mode",,,,
473,Cangai East,438.850000,-,7.000000,,88.5,88.5,023,NN,023,Tone->Tone,FM,5.00,,50W,"VK2RCA near Grafton, New South Wales OPEN",,,,
474,Police Academy site,438.100000,-,7.000000,Tone,91.5,88.5,023,NN,023,Tone->Tone,FM,5.00,,50W,"VK3RSU near Melbourne, Victoria OPEN",,,,
475,Mountain Top,439.875000,-,5.000000,,88.5,88.5,023,NN,023,Tone->Tone,DMR,5.00,,50W,"VK2RDO near Coffs Harbour, New South Wales OPEN Operational 24 hrs",,,,
476,VK4RWN,438.650000,split,146.125000,TSQL,88.5,91.5,023,NN,023,Tone->Tone,FM,5.00,,50W,"VK4RWN near Wowan, None OPEN Linked to Mt Archer VK4RAR and Byfield VK4RBF",,,,
477,VK4RBF,439.750000,-,5.000000,Cross,88.5,91.5,023,NN,023,->Tone,FM,5.00,,50W,"VK4RBF near Byfield, Queensland OPEN",,,,
478,VK5RWR,146.750000,-,0.600000,TSQL,88.5,91.5,023,NN,023,Tone->Tone,FM,5.00,,50W,"VK5RWR near Waikerie, South Australia OPEN More Info: https://vk5.repeaters.network",,,,
479,Boronia Hill,147.912500,,0.000000,,88.5,88.5,023,NN,023,Tone->Tone,DMR,12.50,,50W,"VK7HSE near Kingston 7050, None OPEN",,,,
480,VK3RJW,438.500000,-,7.000000,TSQL,88.5,91.5,023,NN,023,Tone->Tone,FM,5.00,,50W,"VK3RJW near Werribee, None OPEN Owned and operated by VK3NGT",,,,
481,VK6NRA/L,147.550000,,0.000000,Tone,123.0,88.5,023,NN,023,Tone->Tone,FM,5.00,,50W,"VK6NRA/L near Port Hedland, Western Australia OPEN Allstar Simplex node, usually linked to 42482 West Hub VK6 Hub",,,,
482,Upper Hermitage,438.875000,-,7.000000,,88.5,88.5,023,NN,023,Tone->Tone,FM,5.00,,50W,"VK5RKW near Banksia Park, South Australia OPEN",,,,
483,On Top of 150ft Tower,147.262500,-,1.600000,,88.5,88.5,023,NN,023,Tone->Tone,DN,12.50,,50W,"VK5RDF near Crafers, None OPEN Stand alone repeater",,,,
484,Pinnacle Mountain,147.075000,+,0.600000,TSQL,88.5,91.5,023,NN,023,Tone->Tone,FM,5.00,,50W,"VK4RLM near Rockhampton, Queensland OPEN Can be accessed via a simplex translator located in Yeppoon on 441.125MHz. no tone required",,,,
485,VK4RJW,438.500000,-,7.000000,TSQL,88.5,123.0,023,NN,023,Tone->Tone,FM,5.00,,50W,"VK4RJW near Rockhampton, None",,,,
486,VK3RAA,438.787500,-,7.000000,,88.5,88.5,023,NN,023,Tone->Tone,DMR,12.50,,50W,"VK3RAA near Korumburra Victoria, None OPEN",,,,
487,McHugh Lookout,147.062500,-,1.600000,Tone,123.0,88.5,023,NN,023,Tone->Tone,FM,12.50,,50W,"VK4RPH near Millaa Millaa, None OPEN",,,,
488,VK4RMM,147.125000,+,0.600000,Tone,123.0,88.5,023,NN,023,Tone->Tone,FM,5.00,,50W,"VK4RMM near Stanthorpe, Queensland OPEN",,,,
489,Rochedale,431.725000,+,7.000000,,88.5,88.5,023,NN,023,Tone->Tone,DMR,5.00,,50W,"VK4RBA near Upper Mount Gravatt, Queensland OPEN",,,,
490,VK4RBO,438.475000,-,7.000000,Tone,91.5,88.5,023,NN,023,Tone->Tone,FM,5.00,,50W,"VK4RBO near Boonah Qld, Queensland OPEN",,,,
491,Kelso Gold Panner Man,146.900000,-,0.600000,,88.5,88.5,023,NN,023,Tone->Tone,FM,5.00,,50W,"VK2RKG near Bathurst, None OPEN",,,,
492,Springbrook,146.700000,-,0.600000,Tone,123.0,88.5,023,NN,023,Tone->Tone,FM,5.00,,50W,"VK4RGC near Gold Coast, Queensland OPEN",,,,
493,VK5RSV,145.175000,,0.000000,,88.5,88.5,023,NN,023,Tone->Tone,FM,5.00,,50W,"VK5RSV near Willunga Hill, None OPEN This is an APRS Digi",,,,
494,VK5RLX,438.575000,-,7.000000,TSQL,88.5,91.5,023,NN,023,Tone->Tone,FM,5.00,,50W,"VK5RLX near Loxton South Australia, None",,,,
495,VK3RMW,145.350000,,0.000000,Tone,97.4,88.5,023,NN,023,Tone->Tone,FM,5.00,,50W,"VK3RMW near Wonga Park, None OPEN",,,,
496,VK3RMW,438.487500,-,7.000000,,88.5,88.5,023,NN,023,Tone->Tone,FM,12.50,,50W,"VK3RMW near Wonga Park, None OPEN",,,,
497,620 Gnangara Rd Landsdale 6065,439.925000,-,5.000000,,88.5,88.5,023,NN,023,Tone->Tone,FM,5.00,,50W,"VK6RMB near Landsdale, None OPEN",,,,
498,Acacia Plateau,147.275000,+,0.600000,Tone,123.0,88.5,023,NN,023,Tone->Tone,FM,5.00,,50W,"VK2RAP near Killarney, None OPEN",,,,
499,VK5RPA,438.400000,-,7.000000,TSQL,88.5,91.5,023,NN,023,Tone->Tone,FM,5.00,,50W,"VK5RPA near Paringa, None OPEN",,,,
500,VK5RMK,438.200000,-,7.000000,TSQL,88.5,91.5,023,NN,023,Tone->Tone,FM,5.00,,50W,"VK5RMK near Renmark, South Australia OPEN",,,,
501,Tablelands,147.025000,+,0.600000,Tone,91.5,88.5,023,NN,023,Tone->Tone,FM,5.00,,50W,"VK4RME near South Burnett, None OPEN BAD-WAN Linked Repeater",,,,
502,VK3RHF,438.750000,-,7.000000,Tone,88.5,88.5,023,NN,023,Tone->Tone,FM,5.00,,50W,"VK3RHF near Melbourne East, None OPEN",,,,
503,Aurora building,439.800000,-,7.000000,,88.5,88.5,023,NN,023,Tone->Tone,DV,5.00,,50W,"VK4RSE near Brisbane, None OPEN",,,,
504,VK2RKG,439.875000,-,5.000000,,88.5,88.5,023,NN,023,Tone->Tone,DMR,5.00,,50W,"VK2RKG near West Bathurst, None OPEN TS2_1=505",,,,
505,137 The Esplanade Cairns QLD,439.850000,-,5.000000,,88.5,88.5,023,NN,023,Tone->Tone,FM,5.00,,50W,"VK4RCA near Cairns, None OPEN Linked to Cairns AllStar Hub #599730",,,,
506,Snug Tiers,438.925000,-,7.000000,TSQL,88.5,91.5,023,NN,023,Tone->Tone,FM,5.00,,50W,"VK7RCM near Snug, None OPEN",,,,
507,Warrnambool City,438.400000,-,7.000000,Tone,91.5,88.5,023,NN,023,Tone->Tone,FM,5.00,,50W,"VK3RWB near Warrnambool, Victoria OPEN",,,,
508,Conapaira Trig,146.825000,-,0.600000,Tone,91.5,88.5,023,NN,023,Tone->Tone,FM,5.00,,50W,"VK2RGA near Rankins Springs, None OPEN",,,,
509,Mt Glorious,147.125000,+,0.600000,TSQL,88.5,91.5,023,NN,023,Tone->Tone,FM,5.00,,50W,"VK4RES near Brisbane, None OPEN",,,,
510,VK2RLP,439.700000,-,7.000000,Tone,91.5,88.5,023,NN,023,Tone->Tone,FM,5.00,,50W,"VK2RLP near Saint Andrews, None",,,,
511,VK4RKS,147.325000,+,0.600000,,88.5,88.5,023,NN,023,Tone->Tone,DN,5.00,,50W,"VK4RKS near Rockhampton, Queensland OPEN Auto connects to AUS-REPEATER-NET. If you connect to a different room, disconnect room when you",,,,
512,Banksia Park,438.900000,-,7.000000,,88.5,88.5,023,NN,023,Tone->Tone,DMR,5.00,,50W,"VK5RWN near Adelaide, None OPEN",,,,
513,VK5RSB,147.175000,+,0.600000,TSQL,88.5,91.5,023,NN,023,Tone->Tone,FM,5.00,,50W,"VK5RSB near Adelaide, None OPEN",,,,
514,VK3RUV,146.625000,-,0.600000,Tone,88.5,88.5,023,NN,023,Tone->Tone,FM,5.00,,50W,"VK3RUV near Bangholme, None",,,,
515,Isaacs Ridge,147.112500,-,1.600000,,88.5,88.5,023,NN,023,Tone->Tone,DV,12.50,,50W,"VK1RBM near Canberra, None",,,,
516,Wild Dog Hill,438.825000,-,7.000000,TSQL,88.5,91.5,023,NN,023,Tone->Tone,FM,5.00,,50W,"VK5RTG near Kapunda, None",,,,
517,VK4ROK,438.612500,-,7.000000,,88.5,88.5,023,NN,023,Tone->Tone,DMR,12.50,,50W,"VK4ROK near Rockhampton, None OPEN",,,,
